,date,hold_stock_1,real_return_1,Cumulative_return_1,hold_stock_3,real_return_3,Cumulative_return_3,hold_stock_5,real_return_5,Cumulative_return_5,hold_stock_10,real_return_10,Cumulative_return_10,hold_stock_15,real_return_15,Cumulative_return_15,hold_stock_20,real_return_20,Cumulative_return_20,hold_stock_30,real_return_30,Cumulative_return_30,hold_stock_50,real_return_50,Cumulative_return_50
0,2019-01-04,['4502 JT'],0.0,1.0,"['4502 JT', '4503 JT', '6773 JT']",0.0,1.0,"['4502 JT', '4503 JT', '6773 JT', '4519 JT', '6361 JT']",0.0,1.0,"['4502 JT', '4503 JT', '6773 JT', '4519 JT', '6361 JT', '6302 JT', '9107 JT', '3105 JT', '5401 JT', '4689 JT']",0.0,1.0,"['4502 JT', '4503 JT', '6773 JT', '4519 JT', '6361 JT', '6302 JT', '9107 JT', '3105 JT', '5401 JT', '4689 JT', '5711 JT', '4523 JT', '3086 JT', '5214 JT', '6473 JT']",0.0,1.0,"['4502 JT', '4503 JT', '6773 JT', '4519 JT', '6361 JT', '6302 JT', '9107 JT', '3105 JT', '5401 JT', '4689 JT', '5711 JT', '4523 JT', '3086 JT', '5214 JT', '6473 JT', '7003 JT', '2282 JT', '4507 JT', '9412 JT', '3382 JT']",0.0,1.0,"['4502 JT', '4503 JT', '6773 JT', '4519 JT', '6361 JT', '6302 JT', '9107 JT', '3105 JT', '5401 JT', '4689 JT', '5711 JT', '4523 JT', '3086 JT', '5214 JT', '6473 JT', '7003 JT', '2282 JT', '4507 JT', '9412 JT', '3382 JT', '7911 JT', '6971 JT', '6952 JT', '9101 JT', '9735 JT', '6471 JT', '7270 JT', '8015 JT', '9984 JT', '5411 JT']",0.0,1.0,"['4502 JT', '4503 JT', '6773 JT', '4519 JT', '6361 JT', '6302 JT', '9107 JT', '3105 JT', '5401 JT', '4689 JT', '5711 JT', '4523 JT', '3086 JT', '5214 JT', '6473 JT', '7003 JT', '2282 JT', '4507 JT', '9412 JT', '3382 JT', '7911 JT', '6971 JT', '6952 JT', '9101 JT', '9735 JT', '6471 JT', '7270 JT', '8015 JT', '9984 JT', '5411 JT', '7011 JT', '7261 JT', '8267 JT', '5541 JT', '6503 JT', '6674 JT', '7731 JT', '1605 JT', '3289 JT', '5406 JT', '8630 JT', '8795 JT', '6326 JT', '4568 JT', '4063 JT', '6988 JT', '9502 JT', '2002 JT', '9104 JT', '9613 JT']",0.0,1.0
1,2019-01-21,['6366 JT'],0.1923472464134988,1.1923472464134988,"['6366 JT', '5541 JT', '9681 JT']",0.09914051716033805,1.0991405171603381,"['6366 JT', '5541 JT', '9681 JT', '9983 JT', '8750 JT']",0.09978232033204107,1.0997823203320412,"['6366 JT', '5541 JT', '9681 JT', '9983 JT', '8750 JT', '1332 JT', '7003 JT', '9613 JT', '3099 JT', '4272 JT']",0.11498179590247015,1.1149817959024702,"['6366 JT', '5541 JT', '9681 JT', '9983 JT', '8750 JT', '1332 JT', '7003 JT', '9613 JT', '3099 JT', '4272 JT', '9412 JT', '6367 JT', '1605 JT', '2914 JT', '5711 JT']",0.10583657482390998,1.10583657482391,"['6366 JT', '5541 JT', '9681 JT', '9983 JT', '8750 JT', '1332 JT', '7003 JT', '9613 JT', '3099 JT', '4272 JT', '9412 JT', '6367 JT', '1605 JT', '2914 JT', '5711 JT', '2871 JT', '6770 JT', '4689 JT', '6988 JT', '7261 JT']",0.0905366676431615,1.0905366676431616,"['6366 JT', '5541 JT', '9681 JT', '9983 JT', '8750 JT', '1332 JT', '7003 JT', '9613 JT', '3099 JT', '4272 JT', '9412 JT', '6367 JT', '1605 JT', '2914 JT', '5711 JT', '2871 JT', '6770 JT', '4689 JT', '6988 JT', '7261 JT', '8253 JT', '7731 JT', '2802 JT', '3086 JT', '6762 JT', '9301 JT', '7762 JT', '2002 JT', '9735 JT', '4151 JT']",0.09205357511676768,1.0920535751167677,"['6366 JT', '5541 JT', '9681 JT', '9983 JT', '8750 JT', '1332 JT', '7003 JT', '9613 JT', '3099 JT', '4272 JT', '9412 JT', '6367 JT', '1605 JT', '2914 JT', '5711 JT', '2871 JT', '6770 JT', '4689 JT', '6988 JT', '7261 JT', '8253 JT', '7731 JT', '2802 JT', '3086 JT', '6762 JT', '9301 JT', '7762 JT', '2002 JT', '9735 JT', '4151 JT', '4324 JT', '6361 JT', '9432 JT', '3863 JT', '6703 JT', '3105 JT', '7752 JT', '7270 JT', '8267 JT', '5401 JT', '1963 JT', '6952 JT', '8601 JT', '8795 JT', '4507 JT', '6841 JT', '3103 JT', '8306 JT', '3382 JT', '9433 JT']",0.0894818828759781,1.089481882875978
2,2019-02-04,['2802 JT'],-0.040997214484679634,1.1434643306120673,"['2802 JT', '2531 JT', '6773 JT']",-0.00633867164015959,1.0921734263356635,"['2802 JT', '2531 JT', '6773 JT', '3099 JT', '9681 JT']",-0.009158954436406706,1.0897094641701544,"['2802 JT', '2531 JT', '6773 JT', '3099 JT', '9681 JT', '8304 JT', '7735 JT', '9503 JT', '4272 JT', '8601 JT']",-0.010458823327107911,1.1033203982861848,"['2802 JT', '2531 JT', '6773 JT', '3099 JT', '9681 JT', '8304 JT', '7735 JT', '9503 JT', '4272 JT', '8601 JT', '8355 JT', '8233 JT', '2871 JT', '5711 JT', '1332 JT']",-0.00903922643798236,1.095840667620674,"['2802 JT', '2531 JT', '6773 JT', '3099 JT', '9681 JT', '8304 JT', '7735 JT', '9503 JT', '4272 JT', '8601 JT', '8355 JT', '8233 JT', '2871 JT', '5711 JT', '1332 JT', '7270 JT', '8604 JT', '2282 JT', '8795 JT', '5901 JT']",-0.004063667900830934,1.086105088792181,"['2802 JT', '2531 JT', '6773 JT', '3099 JT', '9681 JT', '8304 JT', '7735 JT', '9503 JT', '4272 JT', '8601 JT', '8355 JT', '8233 JT', '2871 JT', '5711 JT', '1332 JT', '7270 JT', '8604 JT', '2282 JT', '8795 JT', '5901 JT', '4506 JT', '8306 JT', '5631 JT', '3103 JT', '3382 JT', '8253 JT', '8331 JT', '8411 JT', '3402 JT', '7201 JT']",-0.0003477877934696511,1.0916737722135272,"['2802 JT', '2531 JT', '6773 JT', '3099 JT', '9681 JT', '8304 JT', '7735 JT', '9503 JT', '4272 JT', '8601 JT', '8355 JT', '8233 JT', '2871 JT', '5711 JT', '1332 JT', '7270 JT', '8604 JT', '2282 JT', '8795 JT', '5901 JT', '4506 JT', '8306 JT', '5631 JT', '3103 JT', '3382 JT', '8253 JT', '8331 JT', '8411 JT', '3402 JT', '7201 JT', '9735 JT', '9602 JT', '4902 JT', '8354 JT', '9008 JT', '7004 JT', '8303 JT', '6326 JT', '1928 JT', '9502 JT', '7211 JT', '6902 JT', '7752 JT', '5401 JT', '9107 JT', '2269 JT', '1812 JT', '8750 JT', '1721 JT', '5108 JT']",0.002384076255166276,1.0920792907633765
3,2019-02-19,['5707 JT'],-0.004987752012325373,1.1377610140960346,"['5707 JT', '6326 JT', '4188 JT']",-0.0021549671295132016,1.0898198285021823,"['5707 JT', '6326 JT', '4188 JT', '3405 JT', '2432 JT']",0.003773714448371826,1.0938217165196207,"['5707 JT', '6326 JT', '4188 JT', '3405 JT', '2432 JT', '5406 JT', '3863 JT', '5711 JT', '7013 JT', '6703 JT']",0.01699463212387941,1.1220709225698307,"['5707 JT', '6326 JT', '4188 JT', '3405 JT', '2432 JT', '5406 JT', '3863 JT', '5711 JT', '7013 JT', '6703 JT', '6674 JT', '9301 JT', '4272 JT', '9104 JT', '2802 JT']",0.012471843520930805,1.1095078209511113,"['5707 JT', '6326 JT', '4188 JT', '3405 JT', '2432 JT', '5406 JT', '3863 JT', '5711 JT', '7013 JT', '6703 JT', '6674 JT', '9301 JT', '4272 JT', '9104 JT', '2802 JT', '9101 JT', '7211 JT', '6366 JT', '8802 JT', '7911 JT']",0.0121348336889696,1.0992847934134176,"['5707 JT', '6326 JT', '4188 JT', '3405 JT', '2432 JT', '5406 JT', '3863 JT', '5711 JT', '7013 JT', '6703 JT', '6674 JT', '9301 JT', '4272 JT', '9104 JT', '2802 JT', '9101 JT', '7211 JT', '6366 JT', '8802 JT', '7911 JT', '5713 JT', '2531 JT', '3402 JT', '2501 JT', '9681 JT', '6501 JT', '6902 JT', '5703 JT', '7735 JT', '8795 JT']",0.01220114740521334,1.1049934448267098,"['5707 JT', '6326 JT', '4188 JT', '3405 JT', '2432 JT', '5406 JT', '3863 JT', '5711 JT', '7013 JT', '6703 JT', '6674 JT', '9301 JT', '4272 JT', '9104 JT', '2802 JT', '9101 JT', '7211 JT', '6366 JT', '8802 JT', '7911 JT', '5713 JT', '2531 JT', '3402 JT', '2501 JT', '9681 JT', '6501 JT', '6902 JT', '5703 JT', '7735 JT', '8795 JT', '7752 JT', '8801 JT', '5714 JT', '5901 JT', '6752 JT', '1332 JT', '5333 JT', '5541 JT', '4507 JT', '6301 JT', '8604 JT', '8729 JT', '9602 JT', '4324 JT', '6503 JT', '6773 JT', '9766 JT', '8750 JT', '3103 JT', '7004 JT']",0.013445603081848806,1.1067629554408878
4,2019-03-05,['7004 JT'],0.0661457849582181,1.213019109468275,"['7004 JT', '9412 JT', '5714 JT']",0.016875183301057126,1.1082107378732833,"['7004 JT', '9412 JT', '5714 JT', '4689 JT', '2871 JT']",0.005556096662989109,1.0998990957086803,"['7004 JT', '9412 JT', '5714 JT', '4689 JT', '2871 JT', '5711 JT', '2432 JT', '5541 JT', '3436 JT', '7211 JT']",0.0019803982237967437,1.1242930698318618,"['7004 JT', '9412 JT', '5714 JT', '4689 JT', '2871 JT', '5711 JT', '2432 JT', '5541 JT', '3436 JT', '7211 JT', '5406 JT', '6674 JT', '5901 JT', '7205 JT', '6503 JT']",0.00268081889901449,1.1124822104861214,"['7004 JT', '9412 JT', '5714 JT', '4689 JT', '2871 JT', '5711 JT', '2432 JT', '5541 JT', '3436 JT', '7211 JT', '5406 JT', '6674 JT', '5901 JT', '7205 JT', '6503 JT', '8604 JT', '3402 JT', '3405 JT', '2914 JT', '9301 JT']",0.0027637616660857473,1.1023229545855646,"['7004 JT', '9412 JT', '5714 JT', '4689 JT', '2871 JT', '5711 JT', '2432 JT', '5541 JT', '3436 JT', '7211 JT', '5406 JT', '6674 JT', '5901 JT', '7205 JT', '6503 JT', '8604 JT', '3402 JT', '3405 JT', '2914 JT', '9301 JT', '8795 JT', '6471 JT', '2501 JT', '6326 JT', '5707 JT', '5401 JT', '2282 JT', '9101 JT', '6952 JT', '7911 JT']",0.004262773921514834,1.109703782066762,"['7004 JT', '9412 JT', '5714 JT', '4689 JT', '2871 JT', '5711 JT', '2432 JT', '5541 JT', '3436 JT', '7211 JT', '5406 JT', '6674 JT', '5901 JT', '7205 JT', '6503 JT', '8604 JT', '3402 JT', '3405 JT', '2914 JT', '9301 JT', '8795 JT', '6471 JT', '2501 JT', '6326 JT', '5707 JT', '5401 JT', '2282 JT', '9101 JT', '6952 JT', '7911 JT', '4005 JT', '5703 JT', '8725 JT', '6703 JT', '9202 JT', '5233 JT', '2269 JT', '9062 JT', '3401 JT', '3103 JT', '5232 JT', '9531 JT', '5803 JT', '4507 JT', '3105 JT', '8309 JT', '9501 JT', '1925 JT', '8801 JT', '6770 JT']",0.0026216305320570996,1.1096644789966212
5,2019-03-19,['5801 JT'],-0.007747278406012635,1.2036215127154106,"['5801 JT', '9107 JT', '9202 JT']",0.0052751012595684274,1.1140566617325058,"['5801 JT', '9107 JT', '9202 JT', '6113 JT', '2269 JT']",-0.006520259726202758,1.0927274679320442,"['5801 JT', '9107 JT', '9202 JT', '6113 JT', '2269 JT', '9101 JT', '3382 JT', '3402 JT', '3101 JT', '5108 JT']",-0.018780420095095264,1.1031783736704153,"['5801 JT', '9107 JT', '9202 JT', '6113 JT', '2269 JT', '9101 JT', '3382 JT', '3402 JT', '3101 JT', '5108 JT', '8331 JT', '2282 JT', '7261 JT', '4324 JT', '7013 JT']",-0.01627315850220159,1.0943786111440013,"['5801 JT', '9107 JT', '9202 JT', '6113 JT', '2269 JT', '9101 JT', '3382 JT', '3402 JT', '3101 JT', '5108 JT', '8331 JT', '2282 JT', '7261 JT', '4324 JT', '7013 JT', '7211 JT', '5101 JT', '4689 JT', '9104 JT', '8601 JT']",-0.01507911468923736,1.0857009003287899,"['5801 JT', '9107 JT', '9202 JT', '6113 JT', '2269 JT', '9101 JT', '3382 JT', '3402 JT', '3101 JT', '5108 JT', '8331 JT', '2282 JT', '7261 JT', '4324 JT', '7013 JT', '7211 JT', '5101 JT', '4689 JT', '9104 JT', '8601 JT', '3103 JT', '3405 JT', '3436 JT', '9412 JT', '2914 JT', '8795 JT', '9433 JT', '7762 JT', '7270 JT', '2501 JT']",-0.017603866469147182,1.090168704866951,"['5801 JT', '9107 JT', '9202 JT', '6113 JT', '2269 JT', '9101 JT', '3382 JT', '3402 JT', '3101 JT', '5108 JT', '8331 JT', '2282 JT', '7261 JT', '4324 JT', '7013 JT', '7211 JT', '5101 JT', '4689 JT', '9104 JT', '8601 JT', '3103 JT', '3405 JT', '3436 JT', '9412 JT', '2914 JT', '8795 JT', '9433 JT', '7762 JT', '7270 JT', '2501 JT', '9502 JT', '3086 JT', '4005 JT', '7911 JT', '5401 JT', '2432 JT', '5233 JT', '5803 JT', '8604 JT', '8766 JT', '6752 JT', '1802 JT', '5703 JT', '8233 JT', '4208 JT', '6674 JT', '5232 JT', '3105 JT', '9062 JT', '4506 JT']",-0.01391099848412842,1.094227938111408
6,2019-04-03,['4523 JT'],0.0667721927524334,1.2839899603634195,"['4523 JT', '8628 JT', '5901 JT']",0.03925795213632647,1.1577922448359563,"['4523 JT', '8628 JT', '5901 JT', '2802 JT', '9501 JT']",0.042648135111931926,1.1393302566249293,"['4523 JT', '8628 JT', '5901 JT', '2802 JT', '9501 JT', '3382 JT', '9433 JT', '2871 JT', '4502 JT', '7205 JT']",0.024496118913970022,1.1302019622951658,"['4523 JT', '8628 JT', '5901 JT', '2802 JT', '9501 JT', '3382 JT', '9433 JT', '2871 JT', '4502 JT', '7205 JT', '2914 JT', '5232 JT', '7269 JT', '2432 JT', '6902 JT']",0.02598854804555452,1.1228199222597444,"['4523 JT', '8628 JT', '5901 JT', '2802 JT', '9501 JT', '3382 JT', '9433 JT', '2871 JT', '4502 JT', '7205 JT', '2914 JT', '5232 JT', '7269 JT', '2432 JT', '6902 JT', '1812 JT', '4272 JT', '4506 JT', '1802 JT', '8304 JT']",0.02491976070478813,1.1127563069619564,"['4523 JT', '8628 JT', '5901 JT', '2802 JT', '9501 JT', '3382 JT', '9433 JT', '2871 JT', '4502 JT', '7205 JT', '2914 JT', '5232 JT', '7269 JT', '2432 JT', '6902 JT', '1812 JT', '4272 JT', '4506 JT', '1802 JT', '8304 JT', '1925 JT', '2501 JT', '9735 JT', '7003 JT', '8253 JT', '9412 JT', '7201 JT', '3402 JT', '9532 JT', '5108 JT']",0.01926153901766888,1.1111670319115874,"['4523 JT', '8628 JT', '5901 JT', '2802 JT', '9501 JT', '3382 JT', '9433 JT', '2871 JT', '4502 JT', '7205 JT', '2914 JT', '5232 JT', '7269 JT', '2432 JT', '6902 JT', '1812 JT', '4272 JT', '4506 JT', '1802 JT', '8304 JT', '1925 JT', '2501 JT', '9735 JT', '7003 JT', '8253 JT', '9412 JT', '7201 JT', '3402 JT', '9532 JT', '5108 JT', '1928 JT', '9021 JT', '8355 JT', '3099 JT', '7911 JT', '3863 JT', '9681 JT', '5707 JT', '9007 JT', '9202 JT', '3405 JT', '5541 JT', '8303 JT', '9503 JT', '5711 JT', '3101 JT', '7267 JT', '8601 JT', '4689 JT', '7011 JT']",0.02271388644170374,1.1190821072390102
7,2019-04-17,['1925 JT'],0.005557063609851644,1.29112517424757,"['1925 JT', '3382 JT', '2432 JT']",-0.0026285221507336503,1.1547489622744573,"['1925 JT', '3382 JT', '2432 JT', '2501 JT', '4506 JT']",-0.019485412750109773,1.1171299363159042,"['1925 JT', '3382 JT', '2432 JT', '2501 JT', '4506 JT', '9532 JT', '4151 JT', '2802 JT', '9602 JT', '8628 JT']",-0.025540464073616986,1.1013360796812346,"['1925 JT', '3382 JT', '2432 JT', '2501 JT', '4506 JT', '9532 JT', '4151 JT', '2802 JT', '9602 JT', '8628 JT', '9766 JT', '5333 JT', '9501 JT', '2871 JT', '9437 JT']",-0.008942308672908437,1.1127793199308067,"['1925 JT', '3382 JT', '2432 JT', '2501 JT', '4506 JT', '9532 JT', '4151 JT', '2802 JT', '9602 JT', '8628 JT', '9766 JT', '5333 JT', '9501 JT', '2871 JT', '9437 JT', '8308 JT', '2269 JT', '1333 JT', '9005 JT', '2914 JT']",-0.013417407236016941,1.0978260024370015,"['1925 JT', '3382 JT', '2432 JT', '2501 JT', '4506 JT', '9532 JT', '4151 JT', '2802 JT', '9602 JT', '8628 JT', '9766 JT', '5333 JT', '9501 JT', '2871 JT', '9437 JT', '8308 JT', '2269 JT', '1333 JT', '9005 JT', '2914 JT', '8830 JT', '1928 JT', '7731 JT', '8604 JT', '8304 JT', '8233 JT', '3099 JT', '3402 JT', '5901 JT', '8802 JT']",-0.014357788767858764,1.0952131303815922,"['1925 JT', '3382 JT', '2432 JT', '2501 JT', '4506 JT', '9532 JT', '4151 JT', '2802 JT', '9602 JT', '8628 JT', '9766 JT', '5333 JT', '9501 JT', '2871 JT', '9437 JT', '8308 JT', '2269 JT', '1333 JT', '9005 JT', '2914 JT', '8830 JT', '1928 JT', '7731 JT', '8604 JT', '8304 JT', '8233 JT', '3099 JT', '3402 JT', '5901 JT', '8802 JT', '6501 JT', '9020 JT', '9009 JT', '7011 JT', '9531 JT', '8601 JT', '9301 JT', '5801 JT', '3101 JT', '3405 JT', '8804 JT', '9202 JT', '4272 JT', '5803 JT', '2503 JT', '5714 JT', '8801 JT', '1812 JT', '7267 JT', '9412 JT']",-0.014304975665307165,1.1030736649274755
8,2019-05-09,['6366 JT'],-0.035494336716380366,1.2452975425698314,"['6366 JT', '4689 JT', '5541 JT']",-0.016829594216123657,1.1353150058178885,"['6366 JT', '4689 JT', '5541 JT', '3101 JT', '2914 JT']",-0.026513920684544966,1.0875104417900936,"['6366 JT', '4689 JT', '5541 JT', '3101 JT', '2914 JT', '3436 JT', '3105 JT', '5301 JT', '1963 JT', '7013 JT']",-0.01805059776168306,1.0814563051064796,"['6366 JT', '4689 JT', '5541 JT', '3101 JT', '2914 JT', '3436 JT', '3105 JT', '5301 JT', '1963 JT', '7013 JT', '8053 JT', '2501 JT', '5201 JT', '6954 JT', '3402 JT']",-0.021156206625062582,1.089237130710254,"['6366 JT', '4689 JT', '5541 JT', '3101 JT', '2914 JT', '3436 JT', '3105 JT', '5301 JT', '1963 JT', '7013 JT', '8053 JT', '2501 JT', '5201 JT', '6954 JT', '3402 JT', '6988 JT', '6473 JT', '6302 JT', '7751 JT', '7012 JT']",-0.027139777520967905,1.0680312489741277,"['6366 JT', '4689 JT', '5541 JT', '3101 JT', '2914 JT', '3436 JT', '3105 JT', '5301 JT', '1963 JT', '7013 JT', '8053 JT', '2501 JT', '5201 JT', '6954 JT', '3402 JT', '6988 JT', '6473 JT', '6302 JT', '7751 JT', '7012 JT', '6361 JT', '6674 JT', '7004 JT', '5801 JT', '9101 JT', '4183 JT', '5707 JT', '8253 JT', '5332 JT', '4063 JT']",-0.04121677839628645,1.0500719734899508,"['6366 JT', '4689 JT', '5541 JT', '3101 JT', '2914 JT', '3436 JT', '3105 JT', '5301 JT', '1963 JT', '7013 JT', '8053 JT', '2501 JT', '5201 JT', '6954 JT', '3402 JT', '6988 JT', '6473 JT', '6302 JT', '7751 JT', '7012 JT', '6361 JT', '6674 JT', '7004 JT', '5801 JT', '9101 JT', '4183 JT', '5707 JT', '8253 JT', '5332 JT', '4063 JT', '3405 JT', '5713 JT', '5233 JT', '8058 JT', '7003 JT', '9432 JT', '6301 JT', '5401 JT', '8604 JT', '5803 JT', '8804 JT', '4188 JT', '5406 JT', '1802 JT', '7911 JT', '9503 JT', '8801 JT', '5706 JT', '7731 JT', '5333 JT']",-0.05143182794377958,1.0463405699836112
9,2019-05-23,['5631 JT'],-0.002,1.2428069474846917,"['5631 JT', '6366 JT', '7003 JT']",-0.024198410616542376,1.107842187127985,"['5631 JT', '6366 JT', '7003 JT', '9107 JT', '8253 JT']",-0.030452073969366132,1.0543934933742436,"['5631 JT', '6366 JT', '7003 JT', '9107 JT', '8253 JT', '5803 JT', '6361 JT', '6976 JT', '3436 JT', '4689 JT']",-0.04454079176107547,1.0332873850220297,"['5631 JT', '6366 JT', '7003 JT', '9107 JT', '8253 JT', '5803 JT', '6361 JT', '6976 JT', '3436 JT', '4689 JT', '5706 JT', '7261 JT', '7201 JT', '6762 JT', '3103 JT']",-0.020594350768098804,1.0668049991707695,"['5631 JT', '6366 JT', '7003 JT', '9107 JT', '8253 JT', '5803 JT', '6361 JT', '6976 JT', '3436 JT', '4689 JT', '5706 JT', '7261 JT', '7201 JT', '6762 JT', '3103 JT', '7211 JT', '7735 JT', '9064 JT', '6770 JT', '6506 JT']",-0.022364585944232802,1.0441451723153194,"['5631 JT', '6366 JT', '7003 JT', '9107 JT', '8253 JT', '5803 JT', '6361 JT', '6976 JT', '3436 JT', '4689 JT', '5706 JT', '7261 JT', '7201 JT', '6762 JT', '3103 JT', '7211 JT', '7735 JT', '9064 JT', '6770 JT', '6506 JT', '6988 JT', '8604 JT', '6473 JT', '6479 JT', '6472 JT', '7205 JT', '7270 JT', '1963 JT', '5202 JT', '4324 JT']",-0.030704310573996814,1.0178302374908657,"['5631 JT', '6366 JT', '7003 JT', '9107 JT', '8253 JT', '5803 JT', '6361 JT', '6976 JT', '3436 JT', '4689 JT', '5706 JT', '7261 JT', '7201 JT', '6762 JT', '3103 JT', '7211 JT', '7735 JT', '9064 JT', '6770 JT', '6506 JT', '6988 JT', '8604 JT', '6473 JT', '6479 JT', '6472 JT', '7205 JT', '7270 JT', '1963 JT', '5202 JT', '4324 JT', '8303 JT', '5707 JT', '3405 JT', '5801 JT', '7762 JT', '1808 JT', '6103 JT', '4042 JT', '3101 JT', '7911 JT', '6752 JT', '6857 JT', '6954 JT', '6471 JT', '9104 JT', '7202 JT', '8306 JT', '9101 JT', '2914 JT', '3105 JT']",-0.033281452385887984,1.0115168361242788
10,2019-06-06,['4689 JT'],0.0778479422467746,1.33955691095637,"['4689 JT', '9107 JT', '7733 JT']",0.07189195740414256,1.1874871304555024,"['4689 JT', '9107 JT', '7733 JT', '3101 JT', '5333 JT']",0.038924927996013124,1.0954356841833008,"['4689 JT', '9107 JT', '7733 JT', '3101 JT', '5333 JT', '1801 JT', '2269 JT', '1803 JT', '1812 JT', '1605 JT']",0.01308487161940435,1.046807817800993,"['4689 JT', '9107 JT', '7733 JT', '3101 JT', '5333 JT', '1801 JT', '2269 JT', '1803 JT', '1812 JT', '1605 JT', '4452 JT', '8253 JT', '5406 JT', '4042 JT', '8804 JT']",0.009748412717412367,1.077204654591685,"['4689 JT', '9107 JT', '7733 JT', '3101 JT', '5333 JT', '1801 JT', '2269 JT', '1803 JT', '1812 JT', '1605 JT', '4452 JT', '8253 JT', '5406 JT', '4042 JT', '8804 JT', '8354 JT', '4502 JT', '5411 JT', '6988 JT', '2914 JT']",0.002754611465755487,1.0470213865788924,"['4689 JT', '9107 JT', '7733 JT', '3101 JT', '5333 JT', '1801 JT', '2269 JT', '1803 JT', '1812 JT', '1605 JT', '4452 JT', '8253 JT', '5406 JT', '4042 JT', '8804 JT', '8354 JT', '4502 JT', '5411 JT', '6988 JT', '2914 JT', '7205 JT', '7261 JT', '1808 JT', '7211 JT', '5802 JT', '1332 JT', '7270 JT', '6952 JT', '3103 JT', '9020 JT']",0.0015706096252512606,1.0194288514587406,"['4689 JT', '9107 JT', '7733 JT', '3101 JT', '5333 JT', '1801 JT', '2269 JT', '1803 JT', '1812 JT', '1605 JT', '4452 JT', '8253 JT', '5406 JT', '4042 JT', '8804 JT', '8354 JT', '4502 JT', '5411 JT', '6988 JT', '2914 JT', '7205 JT', '7261 JT', '1808 JT', '7211 JT', '5802 JT', '1332 JT', '7270 JT', '6952 JT', '3103 JT', '9020 JT', '8604 JT', '8304 JT', '8355 JT', '3099 JT', '9101 JT', '3105 JT', '6752 JT', '4324 JT', '6366 JT', '2501 JT', '5803 JT', '9008 JT', '3401 JT', '5214 JT', '2002 JT', '2503 JT', '6471 JT', '7267 JT', '9532 JT', '8802 JT']",0.0013609058122608657,1.01289341526576
11,2019-06-20,['7733 JT'],0.09422018094938478,1.465770205498678,"['7733 JT', '1803 JT', '1801 JT']",0.018192855282188947,1.2090909119693414,"['7733 JT', '1803 JT', '1801 JT', '8233 JT', '7004 JT']",0.01753128091298948,1.114640074884831,"['7733 JT', '1803 JT', '1801 JT', '8233 JT', '7004 JT', '2501 JT', '7270 JT', '8303 JT', '3289 JT', '4523 JT']",0.015778168840052363,1.063324528293344,"['7733 JT', '1803 JT', '1801 JT', '8233 JT', '7004 JT', '2501 JT', '7270 JT', '8303 JT', '3289 JT', '4523 JT', '8355 JT', '6770 JT', '9005 JT', '2914 JT', '9101 JT']",0.02581511935254565,1.105012821317087,"['7733 JT', '1803 JT', '1801 JT', '8233 JT', '7004 JT', '2501 JT', '7270 JT', '8303 JT', '3289 JT', '4523 JT', '8355 JT', '6770 JT', '9005 JT', '2914 JT', '9101 JT', '5541 JT', '5232 JT', '1333 JT', '9532 JT', '1812 JT']",0.026635283745444903,1.0749090982979703,"['7733 JT', '1803 JT', '1801 JT', '8233 JT', '7004 JT', '2501 JT', '7270 JT', '8303 JT', '3289 JT', '4523 JT', '8355 JT', '6770 JT', '9005 JT', '2914 JT', '9101 JT', '5541 JT', '5232 JT', '1333 JT', '9532 JT', '1812 JT', '9681 JT', '8802 JT', '9531 JT', '2531 JT', '8304 JT', '1802 JT', '9503 JT', '6988 JT', '7751 JT', '7186 JT']",0.025137145146268088,1.0450543824641523,"['7733 JT', '1803 JT', '1801 JT', '8233 JT', '7004 JT', '2501 JT', '7270 JT', '8303 JT', '3289 JT', '4523 JT', '8355 JT', '6770 JT', '9005 JT', '2914 JT', '9101 JT', '5541 JT', '5232 JT', '1333 JT', '9532 JT', '1812 JT', '9681 JT', '8802 JT', '9531 JT', '2531 JT', '8304 JT', '1802 JT', '9503 JT', '6988 JT', '7751 JT', '7186 JT', '9001 JT', '5406 JT', '9020 JT', '5401 JT', '1963 JT', '2269 JT', '6503 JT', '6976 JT', '5233 JT', '6703 JT', '5706 JT', '8801 JT', '2432 JT', '9437 JT', '9766 JT', '9062 JT', '8308 JT', '7261 JT', '4502 JT', '8253 JT']",0.02194687700595563,1.03512326247074
12,2019-07-04,['5706 JT'],-0.011083403792863988,1.4495244824435871,"['5706 JT', '6366 JT', '6361 JT']",0.008658696394966268,1.2195600630899968,"['5706 JT', '6366 JT', '6361 JT', '3105 JT', '7003 JT']",0.05299720791855722,1.1737128866878586,"['5706 JT', '6366 JT', '6361 JT', '3105 JT', '7003 JT', '5631 JT', '8253 JT', '7733 JT', '9984 JT', '4502 JT']",0.03816634140824806,1.103907735267952,"['5706 JT', '6366 JT', '6361 JT', '3105 JT', '7003 JT', '5631 JT', '8253 JT', '7733 JT', '9984 JT', '4502 JT', '6988 JT', '6954 JT', '2914 JT', '5332 JT', '5401 JT']",0.038530938389471074,1.147590002254831,"['5706 JT', '6366 JT', '6361 JT', '3105 JT', '7003 JT', '5631 JT', '8253 JT', '7733 JT', '9984 JT', '4502 JT', '6988 JT', '6954 JT', '2914 JT', '5332 JT', '5401 JT', '7012 JT', '7261 JT', '7270 JT', '1963 JT', '6952 JT']",0.036804170006605255,1.1144702354933755,"['5706 JT', '6366 JT', '6361 JT', '3105 JT', '7003 JT', '5631 JT', '8253 JT', '7733 JT', '9984 JT', '4502 JT', '6988 JT', '6954 JT', '2914 JT', '5332 JT', '5401 JT', '7012 JT', '7261 JT', '7270 JT', '1963 JT', '6952 JT', '4183 JT', '9301 JT', '6770 JT', '8804 JT', '8801 JT', '5406 JT', '5707 JT', '6113 JT', '7201 JT', '3863 JT']",0.031103968886320145,1.07755972146083,"['5706 JT', '6366 JT', '6361 JT', '3105 JT', '7003 JT', '5631 JT', '8253 JT', '7733 JT', '9984 JT', '4502 JT', '6988 JT', '6954 JT', '2914 JT', '5332 JT', '5401 JT', '7012 JT', '7261 JT', '7270 JT', '1963 JT', '6952 JT', '4183 JT', '9301 JT', '6770 JT', '8804 JT', '8801 JT', '5406 JT', '5707 JT', '6113 JT', '7201 JT', '3863 JT', '6305 JT', '8303 JT', '5703 JT', '4042 JT', '7762 JT', '7205 JT', '5713 JT', '9020 JT', '1802 JT', '6326 JT', '6301 JT', '1808 JT', '7211 JT', '6472 JT', '3861 JT', '8354 JT', '9502 JT', '4208 JT', '5333 JT', '3405 JT']",0.024821555557128172,1.0608166320386332
13,2019-07-19,['5703 JT'],0.024305307713490487,1.4847556210276165,"['5703 JT', '9681 JT', '9107 JT']",0.05100958694929326,1.2817693181680716,"['5703 JT', '9681 JT', '9107 JT', '4042 JT', '6954 JT']",0.024171001722414896,1.2020827028936112,"['5703 JT', '9681 JT', '9107 JT', '4042 JT', '6954 JT', '6976 JT', '3105 JT', '6988 JT', '5706 JT', '7003 JT']",0.004297184948718407,1.1086514309727193,"['5703 JT', '9681 JT', '9107 JT', '4042 JT', '6954 JT', '6976 JT', '3105 JT', '6988 JT', '5706 JT', '7003 JT', '5202 JT', '6503 JT', '4502 JT', '5803 JT', '6770 JT']",-0.006234823832234264,1.140434980759139,"['5703 JT', '9681 JT', '9107 JT', '4042 JT', '6954 JT', '6976 JT', '3105 JT', '6988 JT', '5706 JT', '7003 JT', '5202 JT', '6503 JT', '4502 JT', '5803 JT', '6770 JT', '5707 JT', '6762 JT', '6504 JT', '6473 JT', '5332 JT']",-0.014199941866660789,1.0986448229372459,"['5703 JT', '9681 JT', '9107 JT', '4042 JT', '6954 JT', '6976 JT', '3105 JT', '6988 JT', '5706 JT', '7003 JT', '5202 JT', '6503 JT', '4502 JT', '5803 JT', '6770 JT', '5707 JT', '6762 JT', '6504 JT', '6473 JT', '5332 JT', '9984 JT', '5214 JT', '6361 JT', '8604 JT', '5631 JT', '4043 JT', '9104 JT', '6506 JT', '1605 JT', '5713 JT']",-0.01445506237999385,1.0619835284689447,"['5703 JT', '9681 JT', '9107 JT', '4042 JT', '6954 JT', '6976 JT', '3105 JT', '6988 JT', '5706 JT', '7003 JT', '5202 JT', '6503 JT', '4502 JT', '5803 JT', '6770 JT', '5707 JT', '6762 JT', '6504 JT', '6473 JT', '5332 JT', '9984 JT', '5214 JT', '6361 JT', '8604 JT', '5631 JT', '4043 JT', '9104 JT', '6506 JT', '1605 JT', '5713 JT', '5406 JT', '5333 JT', '5801 JT', '4063 JT', '8601 JT', '3861 JT', '3101 JT', '6857 JT', '6301 JT', '4324 JT', '1963 JT', '5714 JT', '4272 JT', '7735 JT', '8253 JT', '6841 JT', '8804 JT', '6305 JT', '5411 JT', '3402 JT']",-0.01864478648858557,1.0410379324307324
14,2019-08-02,['9107 JT'],-0.16499559267562325,1.2397774873577019,"['9107 JT', '7004 JT', '9766 JT']",-0.0744228276757718,1.1863764210819576,"['9107 JT', '7004 JT', '9766 JT', '5202 JT', '4902 JT']",-0.06263401246118883,1.1267914399011931,"['9107 JT', '7004 JT', '9766 JT', '5202 JT', '4902 JT', '5801 JT', '9101 JT', '9104 JT', '4502 JT', '2002 JT']",-0.04061835296613505,1.0636198358330586,"['9107 JT', '7004 JT', '9766 JT', '5202 JT', '4902 JT', '5801 JT', '9101 JT', '9104 JT', '4502 JT', '2002 JT', '5703 JT', '9681 JT', '4208 JT', '4272 JT', '6504 JT']",-0.030472777965274762,1.1056827588066334,"['9107 JT', '7004 JT', '9766 JT', '5202 JT', '4902 JT', '5801 JT', '9101 JT', '9104 JT', '4502 JT', '2002 JT', '5703 JT', '9681 JT', '4208 JT', '4272 JT', '6504 JT', '5803 JT', '6976 JT', '5214 JT', '7270 JT', '5406 JT']",-0.03316777049849291,1.0622052235907058,"['9107 JT', '7004 JT', '9766 JT', '5202 JT', '4902 JT', '5801 JT', '9101 JT', '9104 JT', '4502 JT', '2002 JT', '5703 JT', '9681 JT', '4208 JT', '4272 JT', '6504 JT', '5803 JT', '6976 JT', '5214 JT', '7270 JT', '5406 JT', '9064 JT', '6752 JT', '7735 JT', '5901 JT', '5707 JT', '5541 JT', '9301 JT', '4689 JT', '7211 JT', '2282 JT']",-0.036582425356867045,1.0231335953085072,"['9107 JT', '7004 JT', '9766 JT', '5202 JT', '4902 JT', '5801 JT', '9101 JT', '9104 JT', '4502 JT', '2002 JT', '5703 JT', '9681 JT', '4208 JT', '4272 JT', '6504 JT', '5803 JT', '6976 JT', '5214 JT', '7270 JT', '5406 JT', '9064 JT', '6752 JT', '7735 JT', '5901 JT', '5707 JT', '5541 JT', '9301 JT', '4689 JT', '7211 JT', '2282 JT', '7205 JT', '7186 JT', '5401 JT', '6367 JT', '6503 JT', '5233 JT', '6703 JT', '5631 JT', '6701 JT', '3101 JT', '5201 JT', '6361 JT', '5108 JT', '5706 JT', '6506 JT', '4911 JT', '6501 JT', '2914 JT', '4151 JT', '1721 JT']",-0.03441286429989762,1.0052128353309475
15,2019-08-19,['5541 JT'],-0.16633021806853587,1.0335650275290338,"['5541 JT', '4689 JT', '5707 JT']",-0.09043466164486495,1.079086870857965,"['5541 JT', '4689 JT', '5707 JT', '7261 JT', '4902 JT']",-0.10155390055613651,1.0123613740659614,"['5541 JT', '4689 JT', '5707 JT', '7261 JT', '4902 JT', '8795 JT', '7011 JT', '8750 JT', '7751 JT', '8028 JT']",-0.0843292446561013,0.9739255784760104,"['5541 JT', '4689 JT', '5707 JT', '7261 JT', '4902 JT', '8795 JT', '7011 JT', '8750 JT', '7751 JT', '8028 JT', '7267 JT', '5401 JT', '5020 JT', '3407 JT', '7272 JT']",-0.06368221611099542,1.0352704304101077,"['5541 JT', '4689 JT', '5707 JT', '7261 JT', '4902 JT', '8795 JT', '7011 JT', '8750 JT', '7751 JT', '8028 JT', '7267 JT', '5401 JT', '5020 JT', '3407 JT', '7272 JT', '5703 JT', '6471 JT', '8601 JT', '2531 JT', '5406 JT']",-0.060864038586389536,0.9975551238754166,"['5541 JT', '4689 JT', '5707 JT', '7261 JT', '4902 JT', '8795 JT', '7011 JT', '8750 JT', '7751 JT', '8028 JT', '7267 JT', '5401 JT', '5020 JT', '3407 JT', '7272 JT', '5703 JT', '6471 JT', '8601 JT', '2531 JT', '5406 JT', '5711 JT', '7004 JT', '5214 JT', '6326 JT', '7012 JT', '6472 JT', '8308 JT', '7186 JT', '3863 JT', '4901 JT']",-0.05941799622251736,0.9623410472073358,"['5541 JT', '4689 JT', '5707 JT', '7261 JT', '4902 JT', '8795 JT', '7011 JT', '8750 JT', '7751 JT', '8028 JT', '7267 JT', '5401 JT', '5020 JT', '3407 JT', '7272 JT', '5703 JT', '6471 JT', '8601 JT', '2531 JT', '5406 JT', '5711 JT', '7004 JT', '5214 JT', '6326 JT', '7012 JT', '6472 JT', '8308 JT', '7186 JT', '3863 JT', '4901 JT', '6113 JT', '1812 JT', '3103 JT', '2914 JT', '5801 JT', '9433 JT', '8355 JT', '2432 JT', '2802 JT', '9301 JT', '6902 JT', '5411 JT', '5233 JT', '3105 JT', '8766 JT', '6752 JT', '2282 JT', '7013 JT', '5803 JT', '8354 JT']",-0.04845473531161128,0.9565055134631522
16,2019-09-02,['7004 JT'],-0.05074586112162527,0.9811158801818767,"['7004 JT', '5541 JT', '9681 JT']",-0.015277607155412818,1.0626010055584334,"['7004 JT', '5541 JT', '9681 JT', '6326 JT', '7003 JT']",-0.011507348321257058,1.000711779107598,"['7004 JT', '5541 JT', '9681 JT', '6326 JT', '7003 JT', '5714 JT', '4689 JT', '7261 JT', '5711 JT', '6674 JT']",0.00669204440983733,0.9804431316990483,"['7004 JT', '5541 JT', '9681 JT', '6326 JT', '7003 JT', '5714 JT', '4689 JT', '7261 JT', '5711 JT', '6674 JT', '6954 JT', '8303 JT', '5707 JT', '2802 JT', '5801 JT']",0.0037369766715992627,1.0391392118573468,"['7004 JT', '5541 JT', '9681 JT', '6326 JT', '7003 JT', '5714 JT', '4689 JT', '7261 JT', '5711 JT', '6674 JT', '6954 JT', '8303 JT', '5707 JT', '2802 JT', '5801 JT', '6503 JT', '5703 JT', '8252 JT', '5406 JT', '6752 JT']",0.00852458723060803,1.0060588695462327,"['7004 JT', '5541 JT', '9681 JT', '6326 JT', '7003 JT', '5714 JT', '4689 JT', '7261 JT', '5711 JT', '6674 JT', '6954 JT', '8303 JT', '5707 JT', '2802 JT', '5801 JT', '6503 JT', '5703 JT', '8252 JT', '5406 JT', '6752 JT', '5020 JT', '5332 JT', '7013 JT', '6504 JT', '5333 JT', '7272 JT', '6473 JT', '8233 JT', '1963 JT', '7011 JT']",0.006601971387729165,0.968694395266236,"['7004 JT', '5541 JT', '9681 JT', '6326 JT', '7003 JT', '5714 JT', '4689 JT', '7261 JT', '5711 JT', '6674 JT', '6954 JT', '8303 JT', '5707 JT', '2802 JT', '5801 JT', '6503 JT', '5703 JT', '8252 JT', '5406 JT', '6752 JT', '5020 JT', '5332 JT', '7013 JT', '6504 JT', '5333 JT', '7272 JT', '6473 JT', '8233 JT', '1963 JT', '7011 JT', '7751 JT', '8308 JT', '9107 JT', '2914 JT', '3103 JT', '4043 JT', '4901 JT', '4005 JT', '8316 JT', '3402 JT', '6301 JT', '8304 JT', '6305 JT', '9101 JT', '1333 JT', '4502 JT', '6988 JT', '6113 JT', '4188 JT', '1812 JT']",0.00849304010134016,0.9646291531461476
17,2019-09-17,['4755 JT'],0.04889846281719535,1.02909093856831,"['4755 JT', '2432 JT', '7004 JT']",0.050828036167590275,1.1166109279006753,"['4755 JT', '2432 JT', '7004 JT', '5541 JT', '5703 JT']",0.08788681158165143,1.0886611466855665,"['4755 JT', '2432 JT', '7004 JT', '5541 JT', '5703 JT', '1925 JT', '2802 JT', '2002 JT', '4704 JT', '6703 JT']",0.10902048363899128,1.0873315160974057,"['4755 JT', '2432 JT', '7004 JT', '5541 JT', '5703 JT', '1925 JT', '2802 JT', '2002 JT', '4704 JT', '6703 JT', '4502 JT', '3402 JT', '9602 JT', '8303 JT', '9766 JT']",0.10181643136554253,1.1449406581006643,"['4755 JT', '2432 JT', '7004 JT', '5541 JT', '5703 JT', '1925 JT', '2802 JT', '2002 JT', '4704 JT', '6703 JT', '4502 JT', '3402 JT', '9602 JT', '8303 JT', '9766 JT', '4689 JT', '9301 JT', '2282 JT', '9735 JT', '3101 JT']",0.10357411108464835,1.11026052265831,"['4755 JT', '2432 JT', '7004 JT', '5541 JT', '5703 JT', '1925 JT', '2802 JT', '2002 JT', '4704 JT', '6703 JT', '4502 JT', '3402 JT', '9602 JT', '8303 JT', '9766 JT', '4689 JT', '9301 JT', '2282 JT', '9735 JT', '3101 JT', '9007 JT', '4568 JT', '3289 JT', '8028 JT', '9009 JT', '9433 JT', '6113 JT', '6702 JT', '5232 JT', '6701 JT']",0.11636443369388515,1.0814159699938322,"['4755 JT', '2432 JT', '7004 JT', '5541 JT', '5703 JT', '1925 JT', '2802 JT', '2002 JT', '4704 JT', '6703 JT', '4502 JT', '3402 JT', '9602 JT', '8303 JT', '9766 JT', '4689 JT', '9301 JT', '2282 JT', '9735 JT', '3101 JT', '9007 JT', '4568 JT', '3289 JT', '8028 JT', '9009 JT', '9433 JT', '6113 JT', '6702 JT', '5232 JT', '6701 JT', '5108 JT', '8331 JT', '7731 JT', '7751 JT', '5714 JT', '8628 JT', '7269 JT', '3382 JT', '5711 JT', '6752 JT', '9437 JT', '1721 JT', '9412 JT', '9008 JT', '2871 JT', '5020 JT', '7201 JT', '8804 JT', '6504 JT', '4061 JT']",0.1079684533739197,1.0687786708907312
18,2019-10-02,['2432 JT'],-0.01992460134511409,1.0085867118694671,"['2432 JT', '5631 JT', '6841 JT']",-0.008662861593031868,1.1069378819790048,"['2432 JT', '5631 JT', '6841 JT', '4689 JT', '4755 JT']",-0.0071757262723838745,1.0808492122935713,"['2432 JT', '5631 JT', '6841 JT', '4689 JT', '4755 JT', '6302 JT', '4523 JT', '2282 JT', '3436 JT', '9064 JT']",0.00623954853128429,1.0941159738616903,"['2432 JT', '5631 JT', '6841 JT', '4689 JT', '4755 JT', '6302 JT', '4523 JT', '2282 JT', '3436 JT', '9064 JT', '9433 JT', '8750 JT', '4503 JT', '5401 JT', '9107 JT']",0.005687652765199071,1.1514526830006993,"['2432 JT', '5631 JT', '6841 JT', '4689 JT', '4755 JT', '6302 JT', '4523 JT', '2282 JT', '3436 JT', '9064 JT', '9433 JT', '8750 JT', '4503 JT', '5401 JT', '9107 JT', '4507 JT', '5713 JT', '7269 JT', '5801 JT', '1812 JT']",0.004905380750314094,1.1157067732539918,"['2432 JT', '5631 JT', '6841 JT', '4689 JT', '4755 JT', '6302 JT', '4523 JT', '2282 JT', '3436 JT', '9064 JT', '9433 JT', '8750 JT', '4503 JT', '5401 JT', '9107 JT', '4507 JT', '5713 JT', '7269 JT', '5801 JT', '1812 JT', '6479 JT', '9104 JT', '9613 JT', '2802 JT', '6113 JT', '2002 JT', '7267 JT', '7731 JT', '6473 JT', '7270 JT']",0.0036216280964940393,1.085332456454759,"['2432 JT', '5631 JT', '6841 JT', '4689 JT', '4755 JT', '6302 JT', '4523 JT', '2282 JT', '3436 JT', '9064 JT', '9433 JT', '8750 JT', '4503 JT', '5401 JT', '9107 JT', '4507 JT', '5713 JT', '7269 JT', '5801 JT', '1812 JT', '6479 JT', '9104 JT', '9613 JT', '2802 JT', '6113 JT', '2002 JT', '7267 JT', '7731 JT', '6473 JT', '7270 JT', '7012 JT', '1605 JT', '7762 JT', '3086 JT', '7004 JT', '7911 JT', '7003 JT', '9984 JT', '9001 JT', '5101 JT', '3103 JT', '5703 JT', '6471 JT', '8795 JT', '6301 JT', '5214 JT', '7201 JT', '6971 JT', '6472 JT', '7735 JT']",0.004490313234538505,1.0735778219014243
19,2019-10-17,['9064 JT'],-0.0040682522724089214,1.0044835266869827,"['9064 JT', '4689 JT', '7912 JT']",0.015374968705863966,1.1239570172737674,"['9064 JT', '4689 JT', '7912 JT', '5201 JT', '9503 JT']",0.019860018447520854,1.10231489758871,"['9064 JT', '4689 JT', '7912 JT', '5201 JT', '9503 JT', '8630 JT', '3086 JT', '7012 JT', '7186 JT', '4755 JT']",0.04354001860646354,1.1417538037212573,"['9064 JT', '4689 JT', '7912 JT', '5201 JT', '9503 JT', '8630 JT', '3086 JT', '7012 JT', '7186 JT', '4755 JT', '6305 JT', '7004 JT', '8303 JT', '8031 JT', '5020 JT']",0.05059046505407496,1.209705209721467,"['9064 JT', '4689 JT', '7912 JT', '5201 JT', '9503 JT', '8630 JT', '3086 JT', '7012 JT', '7186 JT', '4755 JT', '6305 JT', '7004 JT', '8303 JT', '8031 JT', '5020 JT', '8253 JT', '5406 JT', '8355 JT', '8725 JT', '7013 JT']",0.04513093667428682,1.1660596649847907,"['9064 JT', '4689 JT', '7912 JT', '5201 JT', '9503 JT', '8630 JT', '3086 JT', '7012 JT', '7186 JT', '4755 JT', '6305 JT', '7004 JT', '8303 JT', '8031 JT', '5020 JT', '8253 JT', '5406 JT', '8355 JT', '8725 JT', '7013 JT', '9531 JT', '8309 JT', '4902 JT', '8233 JT', '5801 JT', '2871 JT', '1605 JT', '8795 JT', '2432 JT', '5214 JT']",0.03936775391198114,1.128059557513156,"['9064 JT', '4689 JT', '7912 JT', '5201 JT', '9503 JT', '8630 JT', '3086 JT', '7012 JT', '7186 JT', '4755 JT', '6305 JT', '7004 JT', '8303 JT', '8031 JT', '5020 JT', '8253 JT', '5406 JT', '8355 JT', '8725 JT', '7013 JT', '9531 JT', '8309 JT', '4902 JT', '8233 JT', '5801 JT', '2871 JT', '1605 JT', '8795 JT', '2432 JT', '5214 JT', '9433 JT', '8306 JT', '8331 JT', '9437 JT', '8308 JT', '8729 JT', '8304 JT', '9005 JT', '6674 JT', '9432 JT', '7003 JT', '7751 JT', '1963 JT', '3863 JT', '2914 JT', '5901 JT', '7201 JT', '9501 JT', '9020 JT', '4507 JT']",0.03258331515628562,1.108558546417237
20,2019-11-01,['2432 JT'],0.011243146560296905,1.0157770821949283,"['2432 JT', '9503 JT', '5541 JT']",0.01292617402832371,1.1384854812794039,"['2432 JT', '9503 JT', '5541 JT', '4689 JT', '2501 JT']",0.04163229711428265,1.1482067989186233,"['2432 JT', '9503 JT', '5541 JT', '4689 JT', '2501 JT', '6674 JT', '3436 JT', '3402 JT', '6703 JT', '9531 JT']",0.030022355624452213,1.1760319424521481,"['2432 JT', '9503 JT', '5541 JT', '4689 JT', '2501 JT', '6674 JT', '3436 JT', '3402 JT', '6703 JT', '9531 JT', '1333 JT', '7731 JT', '2802 JT', '2914 JT', '7735 JT']",0.03619642692813026,1.2534922159497286,"['2432 JT', '9503 JT', '5541 JT', '4689 JT', '2501 JT', '6674 JT', '3436 JT', '3402 JT', '6703 JT', '9531 JT', '1333 JT', '7731 JT', '2802 JT', '2914 JT', '7735 JT', '3103 JT', '6326 JT', '8233 JT', '4502 JT', '7272 JT']",0.035404319833178655,1.2073432143084815,"['2432 JT', '9503 JT', '5541 JT', '4689 JT', '2501 JT', '6674 JT', '3436 JT', '3402 JT', '6703 JT', '9531 JT', '1333 JT', '7731 JT', '2802 JT', '2914 JT', '7735 JT', '3103 JT', '6326 JT', '8233 JT', '4502 JT', '7272 JT', '3105 JT', '2503 JT', '1332 JT', '8601 JT', '9502 JT', '8802 JT', '6752 JT', '9020 JT', '1925 JT', '9532 JT']",0.027039503497850406,1.1585617278643165,"['2432 JT', '9503 JT', '5541 JT', '4689 JT', '2501 JT', '6674 JT', '3436 JT', '3402 JT', '6703 JT', '9531 JT', '1333 JT', '7731 JT', '2802 JT', '2914 JT', '7735 JT', '3103 JT', '6326 JT', '8233 JT', '4502 JT', '7272 JT', '3105 JT', '2503 JT', '1332 JT', '8601 JT', '9502 JT', '8802 JT', '6752 JT', '9020 JT', '1925 JT', '9532 JT', '8804 JT', '9613 JT', '4755 JT', '3405 JT', '8303 JT', '9005 JT', '9064 JT', '9501 JT', '5406 JT', '9433 JT', '5714 JT', '8253 JT', '7013 JT', '3101 JT', '8795 JT', '4063 JT', '9412 JT', '2531 JT', '4021 JT', '2269 JT']",0.028427885967476522,1.1400725223630577
21,2019-11-18,['7735 JT'],-0.07120602222245252,0.9434476367070983,"['7735 JT', '7003 JT', '3402 JT']",-0.06022001848935036,1.0699258645469012,"['7735 JT', '7003 JT', '3402 JT', '5706 JT', '2432 JT']",0.010678739504295789,1.1604682002213367,"['7735 JT', '7003 JT', '3402 JT', '5706 JT', '2432 JT', '9064 JT', '5631 JT', '5713 JT', '3436 JT', '8233 JT']",0.014347201377490735,1.1929047095568708,"['7735 JT', '7003 JT', '3402 JT', '5706 JT', '2432 JT', '9064 JT', '5631 JT', '5713 JT', '3436 JT', '8233 JT', '9501 JT', '2802 JT', '9531 JT', '6501 JT', '5541 JT']",0.011860413867430473,1.268359152410495,"['7735 JT', '7003 JT', '3402 JT', '5706 JT', '2432 JT', '9064 JT', '5631 JT', '5713 JT', '3436 JT', '8233 JT', '9501 JT', '2802 JT', '9531 JT', '6501 JT', '5541 JT', '4503 JT', '6841 JT', '3405 JT', '7270 JT', '2501 JT']",0.0265667950149076,1.2394184539956545,"['7735 JT', '7003 JT', '3402 JT', '5706 JT', '2432 JT', '9064 JT', '5631 JT', '5713 JT', '3436 JT', '8233 JT', '9501 JT', '2802 JT', '9531 JT', '6501 JT', '5541 JT', '4503 JT', '6841 JT', '3405 JT', '7270 JT', '2501 JT', '5301 JT', '7201 JT', '5202 JT', '3086 JT', '5707 JT', '2269 JT', '4502 JT', '6302 JT', '9020 JT', '5232 JT']",0.019528871250818806,1.181187130683905,"['7735 JT', '7003 JT', '3402 JT', '5706 JT', '2432 JT', '9064 JT', '5631 JT', '5713 JT', '3436 JT', '8233 JT', '9501 JT', '2802 JT', '9531 JT', '6501 JT', '5541 JT', '4503 JT', '6841 JT', '3405 JT', '7270 JT', '2501 JT', '5301 JT', '7201 JT', '5202 JT', '3086 JT', '5707 JT', '2269 JT', '4502 JT', '6302 JT', '9020 JT', '5232 JT', '5101 JT', '3382 JT', '2502 JT', '4324 JT', '8830 JT', '8802 JT', '1801 JT', '9104 JT', '1925 JT', '8035 JT', '9532 JT', '9502 JT', '9503 JT', '9202 JT', '4755 JT', '3289 JT', '4063 JT', '9984 JT', '3401 JT', '8804 JT']",0.020446879266099317,1.1633834475824123
22,2019-12-02,['7004 JT'],-0.007235607341105952,0.9366212200609914,"['7004 JT', '7735 JT', '5803 JT']",0.010004825789404724,1.0806302864292712,"['7004 JT', '7735 JT', '5803 JT', '4689 JT', '9503 JT']",0.013853746398818935,1.1765450323710969,"['7004 JT', '7735 JT', '5803 JT', '4689 JT', '9503 JT', '6674 JT', '5406 JT', '4208 JT', '6770 JT', '1925 JT']",0.0037656256604623253,1.1973967421416645,"['7004 JT', '7735 JT', '5803 JT', '4689 JT', '9503 JT', '6674 JT', '5406 JT', '4208 JT', '6770 JT', '1925 JT', '2269 JT', '7270 JT', '5541 JT', '5631 JT', '8053 JT']",0.007521300501262719,1.277898862739301,"['7004 JT', '7735 JT', '5803 JT', '4689 JT', '9503 JT', '6674 JT', '5406 JT', '4208 JT', '6770 JT', '1925 JT', '2269 JT', '7270 JT', '5541 JT', '5631 JT', '8053 JT', '7003 JT', '7201 JT', '7205 JT', '4324 JT', '5333 JT']",0.011200080027983752,1.2533000398685656,"['7004 JT', '7735 JT', '5803 JT', '4689 JT', '9503 JT', '6674 JT', '5406 JT', '4208 JT', '6770 JT', '1925 JT', '2269 JT', '7270 JT', '5541 JT', '5631 JT', '8053 JT', '7003 JT', '7201 JT', '7205 JT', '4324 JT', '5333 JT', '3436 JT', '5232 JT', '6902 JT', '7186 JT', '1963 JT', '7011 JT', '8750 JT', '2768 JT', '8304 JT', '3402 JT']",0.009047385224240395,1.1918737856771173,"['7004 JT', '7735 JT', '5803 JT', '4689 JT', '9503 JT', '6674 JT', '5406 JT', '4208 JT', '6770 JT', '1925 JT', '2269 JT', '7270 JT', '5541 JT', '5631 JT', '8053 JT', '7003 JT', '7201 JT', '7205 JT', '4324 JT', '5333 JT', '3436 JT', '5232 JT', '6902 JT', '7186 JT', '1963 JT', '7011 JT', '8750 JT', '2768 JT', '8304 JT', '3402 JT', '9101 JT', '2802 JT', '3401 JT', '7012 JT', '5706 JT', '4005 JT', '7202 JT', '5301 JT', '2914 JT', '5202 JT', '6988 JT', '1605 JT', '3105 JT', '4502 JT', '9502 JT', '8331 JT', '4188 JT', '9437 JT', '5101 JT', '4523 JT']",0.006390728783654551,1.1708183156673047
23,2019-12-16,['3101 JT'],0.009494323827341724,0.9455138052278103,"['3101 JT', '7735 JT', '7270 JT']",0.037228756329832434,1.1208608080453835,"['3101 JT', '7735 JT', '7270 JT', '1332 JT', '8604 JT']",0.04020326699431296,1.2238459864383446,"['3101 JT', '7735 JT', '7270 JT', '1332 JT', '8604 JT', '8233 JT', '5631 JT', '4324 JT', '7731 JT', '8354 JT']",0.039647501656741205,1.2448705314595028,"['3101 JT', '7735 JT', '7270 JT', '1332 JT', '8604 JT', '8233 JT', '5631 JT', '4324 JT', '7731 JT', '8354 JT', '8304 JT', '2531 JT', '1963 JT', '6770 JT', '2269 JT']",0.028383026653241702,1.3141695002205778,"['3101 JT', '7735 JT', '7270 JT', '1332 JT', '8604 JT', '8233 JT', '5631 JT', '4324 JT', '7731 JT', '8354 JT', '8304 JT', '2531 JT', '1963 JT', '6770 JT', '2269 JT', '1333 JT', '6952 JT', '7272 JT', '5101 JT', '4502 JT']",0.029811011073396454,1.2906621812353756,"['3101 JT', '7735 JT', '7270 JT', '1332 JT', '8604 JT', '8233 JT', '5631 JT', '4324 JT', '7731 JT', '8354 JT', '8304 JT', '2531 JT', '1963 JT', '6770 JT', '2269 JT', '1333 JT', '6952 JT', '7272 JT', '5101 JT', '4502 JT', '2914 JT', '6473 JT', '2502 JT', '6471 JT', '4689 JT', '7201 JT', '3382 JT', '4004 JT', '8253 JT', '3086 JT']",0.03234361641682319,1.2304232942183249,"['3101 JT', '7735 JT', '7270 JT', '1332 JT', '8604 JT', '8233 JT', '5631 JT', '4324 JT', '7731 JT', '8354 JT', '8304 JT', '2531 JT', '1963 JT', '6770 JT', '2269 JT', '1333 JT', '6952 JT', '7272 JT', '5101 JT', '4502 JT', '2914 JT', '6473 JT', '2502 JT', '6471 JT', '4689 JT', '7201 JT', '3382 JT', '4004 JT', '8253 JT', '3086 JT', '3099 JT', '7211 JT', '8601 JT', '6703 JT', '3289 JT', '5108 JT', '4005 JT', '2801 JT', '3405 JT', '9107 JT', '2802 JT', '3105 JT', '6472 JT', '3863 JT', '6988 JT', '3103 JT', '7733 JT', '4704 JT', '3401 JT', '5803 JT']",0.027405736934759575,1.2029054544248812
24,2019-12-30,['7003 JT'],0.018208244934005302,0.9627299521818816,"['7003 JT', '7735 JT', '8233 JT']",-0.027648018012187456,1.0898712282353897,"['7003 JT', '7735 JT', '8233 JT', '2501 JT', '6954 JT']",-0.020172911787857677,1.1991574493120003,"['7003 JT', '7735 JT', '8233 JT', '2501 JT', '6954 JT', '8604 JT', '9020 JT', '9531 JT', '8804 JT', '3382 JT']",-0.037529046383198116,1.1981517275432827,"['7003 JT', '7735 JT', '8233 JT', '2501 JT', '6954 JT', '8604 JT', '9020 JT', '9531 JT', '8804 JT', '3382 JT', '6770 JT', '6752 JT', '2502 JT', '7205 JT', '4208 JT']",-0.028546403369327747,1.2766546875716132,"['7003 JT', '7735 JT', '8233 JT', '2501 JT', '6954 JT', '8604 JT', '9020 JT', '9531 JT', '8804 JT', '3382 JT', '6770 JT', '6752 JT', '2502 JT', '7205 JT', '4208 JT', '9502 JT', '9532 JT', '5541 JT', '5631 JT', '5803 JT']",-0.02754922242518032,1.2551054417287537,"['7003 JT', '7735 JT', '8233 JT', '2501 JT', '6954 JT', '8604 JT', '9020 JT', '9531 JT', '8804 JT', '3382 JT', '6770 JT', '6752 JT', '2502 JT', '7205 JT', '4208 JT', '9502 JT', '9532 JT', '5541 JT', '5631 JT', '5803 JT', '2914 JT', '7270 JT', '8630 JT', '8354 JT', '8053 JT', '5802 JT', '5108 JT', '9202 JT', '7202 JT', '9766 JT']",-0.021119718138178936,1.2044371010537842,"['7003 JT', '7735 JT', '8233 JT', '2501 JT', '6954 JT', '8604 JT', '9020 JT', '9531 JT', '8804 JT', '3382 JT', '6770 JT', '6752 JT', '2502 JT', '7205 JT', '4208 JT', '9502 JT', '9532 JT', '5541 JT', '5631 JT', '5803 JT', '2914 JT', '7270 JT', '8630 JT', '8354 JT', '8053 JT', '5802 JT', '5108 JT', '9202 JT', '7202 JT', '9766 JT', '6103 JT', '5406 JT', '5707 JT', '5713 JT', '3101 JT', '8306 JT', '8355 JT', '7004 JT', '8601 JT', '8411 JT', '9412 JT', '5411 JT', '2801 JT', '7211 JT', '3402 JT', '3099 JT', '3401 JT', '4324 JT', '2531 JT', '7201 JT']",-0.022567203996129763,1.1757592416468177
25,2020-01-20,['2501 JT'],0.10249438202247196,1.0614043636852875,"['2501 JT', '5706 JT', '3436 JT']",0.052315280350225,1.146888147086168,"['2501 JT', '5706 JT', '3436 JT', '3101 JT', '7202 JT']",0.03970542563059069,1.2467705062350267,"['2501 JT', '5706 JT', '3436 JT', '3101 JT', '7202 JT', '5803 JT', '8308 JT', '6988 JT', '8604 JT', '8233 JT']",0.026624414860942802,1.2300518162037506,"['2501 JT', '5706 JT', '3436 JT', '3101 JT', '7202 JT', '5803 JT', '8308 JT', '6988 JT', '8604 JT', '8233 JT', '9532 JT', '9107 JT', '7186 JT', '8354 JT', '6770 JT']",0.021643995443943236,1.3042865958129017,"['2501 JT', '5706 JT', '3436 JT', '3101 JT', '7202 JT', '5803 JT', '8308 JT', '6988 JT', '8604 JT', '8233 JT', '9532 JT', '9107 JT', '7186 JT', '8354 JT', '6770 JT', '8795 JT', '5301 JT', '6762 JT', '1963 JT', '5541 JT']",0.009350224482978215,1.266840959358725,"['2501 JT', '5706 JT', '3436 JT', '3101 JT', '7202 JT', '5803 JT', '8308 JT', '6988 JT', '8604 JT', '8233 JT', '9532 JT', '9107 JT', '7186 JT', '8354 JT', '6770 JT', '8795 JT', '5301 JT', '6762 JT', '1963 JT', '5541 JT', '7205 JT', '3402 JT', '8304 JT', '5202 JT', '7272 JT', '7211 JT', '7003 JT', '7735 JT', '2802 JT', '8750 JT']",0.003898903819261566,1.2091330854671432,"['2501 JT', '5706 JT', '3436 JT', '3101 JT', '7202 JT', '5803 JT', '8308 JT', '6988 JT', '8604 JT', '8233 JT', '9532 JT', '9107 JT', '7186 JT', '8354 JT', '6770 JT', '8795 JT', '5301 JT', '6762 JT', '1963 JT', '5541 JT', '7205 JT', '3402 JT', '8304 JT', '5202 JT', '7272 JT', '7211 JT', '7003 JT', '7735 JT', '2802 JT', '8750 JT', '7012 JT', '8355 JT', '6952 JT', '6103 JT', '5714 JT', '4005 JT', '9501 JT', '6471 JT', '4324 JT', '6301 JT', '1812 JT', '5232 JT', '1801 JT', '3103 JT', '1803 JT', '6954 JT', '6472 JT', '5101 JT', '9101 JT', '8306 JT']",0.0017252915057230718,1.1777877690792062
26,2020-02-03,['3103 JT'],0.013672776193506488,1.0759167080007677,"['3103 JT', '9107 JT', '3086 JT']",-0.06898331612229813,1.0677719994788062,"['3103 JT', '9107 JT', '3086 JT', '7735 JT', '8304 JT']",-0.07999038194461501,1.1470408572440058,"['3103 JT', '9107 JT', '3086 JT', '7735 JT', '8304 JT', '6976 JT', '7211 JT', '4004 JT', '5706 JT', '7270 JT']",-0.06543642213993092,1.1495616263046533,"['3103 JT', '9107 JT', '3086 JT', '7735 JT', '8304 JT', '6976 JT', '7211 JT', '4004 JT', '5706 JT', '7270 JT', '3101 JT', '3099 JT', '2802 JT', '7202 JT', '5803 JT']",-0.07913968943489619,1.2010657596861707,"['3103 JT', '9107 JT', '3086 JT', '7735 JT', '8304 JT', '6976 JT', '7211 JT', '4004 JT', '5706 JT', '7270 JT', '3101 JT', '3099 JT', '2802 JT', '7202 JT', '5803 JT', '5411 JT', '3436 JT', '4902 JT', '5020 JT', '5401 JT']",-0.0807022988827509,1.1646039816196463,"['3103 JT', '9107 JT', '3086 JT', '7735 JT', '8304 JT', '6976 JT', '7211 JT', '4004 JT', '5706 JT', '7270 JT', '3101 JT', '3099 JT', '2802 JT', '7202 JT', '5803 JT', '5411 JT', '3436 JT', '4902 JT', '5020 JT', '5401 JT', '5631 JT', '5703 JT', '8233 JT', '5214 JT', '5707 JT', '5202 JT', '5801 JT', '5711 JT', '5406 JT', '1801 JT']",-0.0795276148392085,1.1129736151567684,"['3103 JT', '9107 JT', '3086 JT', '7735 JT', '8304 JT', '6976 JT', '7211 JT', '4004 JT', '5706 JT', '7270 JT', '3101 JT', '3099 JT', '2802 JT', '7202 JT', '5803 JT', '5411 JT', '3436 JT', '4902 JT', '5020 JT', '5401 JT', '5631 JT', '5703 JT', '8233 JT', '5214 JT', '5707 JT', '5202 JT', '5801 JT', '5711 JT', '5406 JT', '1801 JT', '8253 JT', '4324 JT', '4151 JT', '5101 JT', '7186 JT', '6952 JT', '6988 JT', '7003 JT', '5802 JT', '7261 JT', '7751 JT', '9532 JT', '6471 JT', '7205 JT', '9104 JT', '7269 JT', '5713 JT', '3407 JT', '7267 JT', '6506 JT']",-0.07316479557153496,1.0916151677278718
27,2020-02-18,['6361 JT'],-0.09918670076726344,0.9692000794337964,"['6361 JT', '9107 JT', '5201 JT']",-0.026425984651565426,1.039555073009208,"['6361 JT', '9107 JT', '5201 JT', '9104 JT', '7269 JT']",-0.009643698578480573,1.1359791409595428,"['6361 JT', '9107 JT', '5201 JT', '9104 JT', '7269 JT', '7735 JT', '5411 JT', '7013 JT', '5803 JT', '5631 JT']",0.01444082588771617,1.1661622455973186,"['6361 JT', '9107 JT', '5201 JT', '9104 JT', '7269 JT', '7735 JT', '5411 JT', '7013 JT', '5803 JT', '5631 JT', '7731 JT', '6301 JT', '3099 JT', '7261 JT', '6471 JT']",0.01124037433398988,1.2145661884247811,"['6361 JT', '9107 JT', '5201 JT', '9104 JT', '7269 JT', '7735 JT', '5411 JT', '7013 JT', '5803 JT', '5631 JT', '7731 JT', '6301 JT', '3099 JT', '7261 JT', '6471 JT', '6113 JT', '7272 JT', '6752 JT', '6976 JT', '4043 JT']",0.0026562098451677583,1.1676974141813459,"['6361 JT', '9107 JT', '5201 JT', '9104 JT', '7269 JT', '7735 JT', '5411 JT', '7013 JT', '5803 JT', '5631 JT', '7731 JT', '6301 JT', '3099 JT', '7261 JT', '6471 JT', '6113 JT', '7272 JT', '6752 JT', '6976 JT', '4043 JT', '6988 JT', '5802 JT', '4502 JT', '9101 JT', '5401 JT', '7211 JT', '8331 JT', '8795 JT', '8233 JT', '5406 JT']",-0.003991017172881704,1.1085317183457135,"['6361 JT', '9107 JT', '5201 JT', '9104 JT', '7269 JT', '7735 JT', '5411 JT', '7013 JT', '5803 JT', '5631 JT', '7731 JT', '6301 JT', '3099 JT', '7261 JT', '6471 JT', '6113 JT', '7272 JT', '6752 JT', '6976 JT', '4043 JT', '6988 JT', '5802 JT', '4502 JT', '9101 JT', '5401 JT', '7211 JT', '8331 JT', '8795 JT', '8233 JT', '5406 JT', '5801 JT', '3101 JT', '8604 JT', '3407 JT', '6506 JT', '7762 JT', '6504 JT', '1963 JT', '1801 JT', '6103 JT', '6472 JT', '8750 JT', '6954 JT', '6503 JT', '8303 JT', '1812 JT', '6902 JT', '6326 JT', '6770 JT', '7012 JT']",-0.004469161974264045,1.0867365627297325
28,2020-03-04,['3401 JT'],-0.09906705425476724,0.8731842825808037,"['3401 JT', '3103 JT', '6770 JT']",-0.11812583124682553,0.9167567658831409,"['3401 JT', '3103 JT', '6770 JT', '9107 JT', '8801 JT']",-0.12343140211315236,0.995763642819612,"['3401 JT', '3103 JT', '6770 JT', '9107 JT', '8801 JT', '5541 JT', '7211 JT', '7762 JT', '4324 JT', '6988 JT']",-0.1425522650611127,0.9999231760586672,"['3401 JT', '3103 JT', '6770 JT', '9107 JT', '8801 JT', '5541 JT', '7211 JT', '7762 JT', '4324 JT', '6988 JT', '8233 JT', '3105 JT', '8830 JT', '8804 JT', '5801 JT']",-0.13230428707601438,1.0538738747586083,"['3401 JT', '3103 JT', '6770 JT', '9107 JT', '8801 JT', '5541 JT', '7211 JT', '7762 JT', '4324 JT', '6988 JT', '8233 JT', '3105 JT', '8830 JT', '8804 JT', '5801 JT', '9301 JT', '8355 JT', '5803 JT', '4005 JT', '8601 JT']",-0.12561426881482352,1.021017957301996,"['3401 JT', '3103 JT', '6770 JT', '9107 JT', '8801 JT', '5541 JT', '7211 JT', '7762 JT', '4324 JT', '6988 JT', '8233 JT', '3105 JT', '8830 JT', '8804 JT', '5801 JT', '9301 JT', '8355 JT', '5803 JT', '4005 JT', '8601 JT', '4523 JT', '8354 JT', '7201 JT', '7003 JT', '6473 JT', '8253 JT', '4043 JT', '4502 JT', '8308 JT', '5707 JT']",-0.13054205623243362,0.9638217084339911,"['3401 JT', '3103 JT', '6770 JT', '9107 JT', '8801 JT', '5541 JT', '7211 JT', '7762 JT', '4324 JT', '6988 JT', '8233 JT', '3105 JT', '8830 JT', '8804 JT', '5801 JT', '9301 JT', '8355 JT', '5803 JT', '4005 JT', '8601 JT', '4523 JT', '8354 JT', '7201 JT', '7003 JT', '6473 JT', '8253 JT', '4043 JT', '4502 JT', '8308 JT', '5707 JT', '8604 JT', '5332 JT', '5401 JT', '6113 JT', '6952 JT', '8267 JT', '6302 JT', '4063 JT', '6954 JT', '9202 JT', '1721 JT', '2801 JT', '6506 JT', '5631 JT', '3436 JT', '1963 JT', '4061 JT', '4506 JT', '6103 JT', '6472 JT']",-0.12999190635794372,0.9454696052316154
29,2020-03-18,['4901 JT'],-0.17639999145805219,0.7191545825922445,"['4901 JT', '1963 JT', '4502 JT']",-0.2575156908624596,0.6806775139639097,"['4901 JT', '1963 JT', '4502 JT', '5301 JT', '7003 JT']",-0.30250697758814654,0.6945381928380885,"['4901 JT', '1963 JT', '4502 JT', '5301 JT', '7003 JT', '8630 JT', '7013 JT', '9107 JT', '9984 JT', '5631 JT']",-0.2623786314073428,0.7375647016119106,"['4901 JT', '1963 JT', '4502 JT', '5301 JT', '7003 JT', '8630 JT', '7013 JT', '9107 JT', '9984 JT', '5631 JT', '7186 JT', '3407 JT', '5706 JT', '7269 JT', '1605 JT']",-0.2631870237672634,0.7765079462348166,"['4901 JT', '1963 JT', '4502 JT', '5301 JT', '7003 JT', '8630 JT', '7013 JT', '9107 JT', '9984 JT', '5631 JT', '7186 JT', '3407 JT', '5706 JT', '7269 JT', '1605 JT', '4004 JT', '3105 JT', '8804 JT', '7201 JT', '8750 JT']",-0.2435280469621329,0.7723714482469745,"['4901 JT', '1963 JT', '4502 JT', '5301 JT', '7003 JT', '8630 JT', '7013 JT', '9107 JT', '9984 JT', '5631 JT', '7186 JT', '3407 JT', '5706 JT', '7269 JT', '1605 JT', '4004 JT', '3105 JT', '8804 JT', '7201 JT', '8750 JT', '3401 JT', '9202 JT', '2502 JT', '2531 JT', '9104 JT', '5233 JT', '5101 JT', '4061 JT', '8316 JT', '3436 JT']",-0.24493364538915416,0.7277493438820511,"['4901 JT', '1963 JT', '4502 JT', '5301 JT', '7003 JT', '8630 JT', '7013 JT', '9107 JT', '9984 JT', '5631 JT', '7186 JT', '3407 JT', '5706 JT', '7269 JT', '1605 JT', '4004 JT', '3105 JT', '8804 JT', '7201 JT', '8750 JT', '3401 JT', '9202 JT', '2502 JT', '2531 JT', '9104 JT', '5233 JT', '5101 JT', '4061 JT', '8316 JT', '3436 JT', '5703 JT', '4324 JT', '7735 JT', '5201 JT', '6361 JT', '6674 JT', '5401 JT', '6976 JT', '4755 JT', '6301 JT', '5020 JT', '8331 JT', '6762 JT', '7011 JT', '2768 JT', '8830 JT', '6988 JT', '6770 JT', '9101 JT', '4043 JT']",-0.23853680490911316,0.7199403064609853
30,2020-04-02,['9202 JT'],0.043594060230126574,0.7505054507805423,"['9202 JT', '8304 JT', '1605 JT']",0.09649552370560799,0.7463598471484885,"['9202 JT', '8304 JT', '1605 JT', '3289 JT', '7013 JT']",0.09072258888178517,0.7575484957696363,"['9202 JT', '8304 JT', '1605 JT', '3289 JT', '7013 JT', '5202 JT', '7269 JT', '7205 JT', '5201 JT', '7211 JT']",0.10614731600316132,0.8158552150666875,"['9202 JT', '8304 JT', '1605 JT', '3289 JT', '7013 JT', '5202 JT', '7269 JT', '7205 JT', '5201 JT', '7211 JT', '1332 JT', '1963 JT', '8015 JT', '3401 JT', '8002 JT']",0.09851302405386599,0.8530040922202652,"['9202 JT', '8304 JT', '1605 JT', '3289 JT', '7013 JT', '5202 JT', '7269 JT', '7205 JT', '5201 JT', '7211 JT', '1332 JT', '1963 JT', '8015 JT', '3401 JT', '8002 JT', '3099 JT', '8253 JT', '4901 JT', '6472 JT', '7270 JT']",0.08970135777078803,0.841654215858118,"['9202 JT', '8304 JT', '1605 JT', '3289 JT', '7013 JT', '5202 JT', '7269 JT', '7205 JT', '5201 JT', '7211 JT', '1332 JT', '1963 JT', '8015 JT', '3401 JT', '8002 JT', '3099 JT', '8253 JT', '4901 JT', '6472 JT', '7270 JT', '7261 JT', '4902 JT', '4502 JT', '6301 JT', '7272 JT', '6473 JT', '8804 JT', '3086 JT', '3407 JT', '9107 JT']",0.07753593894375027,0.7841760725756441,"['9202 JT', '8304 JT', '1605 JT', '3289 JT', '7013 JT', '5202 JT', '7269 JT', '7205 JT', '5201 JT', '7211 JT', '1332 JT', '1963 JT', '8015 JT', '3401 JT', '8002 JT', '3099 JT', '8253 JT', '4901 JT', '6472 JT', '7270 JT', '7261 JT', '4902 JT', '4502 JT', '6301 JT', '7272 JT', '6473 JT', '8804 JT', '3086 JT', '3407 JT', '9107 JT', '7201 JT', '4689 JT', '5411 JT', '6770 JT', '9412 JT', '5233 JT', '7012 JT', '5333 JT', '7751 JT', '8303 JT', '5541 JT', '6305 JT', '8058 JT', '5901 JT', '9983 JT', '8306 JT', '7003 JT', '4005 JT', '3101 JT', '9433 JT']",0.0659411489440516,0.7674139974401553
31,2020-04-16,['4061 JT'],0.07552110173256321,0.8071844492797828,"['4061 JT', '4901 JT', '5901 JT']",0.046312045301057626,0.7809252982005198,"['4061 JT', '4901 JT', '5901 JT', '8354 JT', '8253 JT']",0.043140228501681664,0.7902293109782438,"['4061 JT', '4901 JT', '5901 JT', '8354 JT', '8253 JT', '8601 JT', '8252 JT', '7762 JT', '4902 JT', '9984 JT']",0.053511405835851254,0.8595127745834167,"['4061 JT', '4901 JT', '5901 JT', '8354 JT', '8253 JT', '8601 JT', '8252 JT', '7762 JT', '4902 JT', '9984 JT', '4324 JT', '8355 JT', '8801 JT', '7201 JT', '9007 JT']",0.053726665289099536,0.8988331575732156,"['4061 JT', '4901 JT', '5901 JT', '8354 JT', '8253 JT', '8601 JT', '8252 JT', '7762 JT', '4902 JT', '9984 JT', '4324 JT', '8355 JT', '8801 JT', '7201 JT', '9007 JT', '3405 JT', '4183 JT', '8233 JT', '3407 JT', '5401 JT']",0.04724027911770962,0.8814141959358525,"['4061 JT', '4901 JT', '5901 JT', '8354 JT', '8253 JT', '8601 JT', '8252 JT', '7762 JT', '4902 JT', '9984 JT', '4324 JT', '8355 JT', '8801 JT', '7201 JT', '9007 JT', '3405 JT', '4183 JT', '8233 JT', '3407 JT', '5401 JT', '2502 JT', '5411 JT', '6472 JT', '8604 JT', '7911 JT', '9001 JT', '5803 JT', '4188 JT', '8267 JT', '6770 JT']",0.04668269823461178,0.820783527534496,"['4061 JT', '4901 JT', '5901 JT', '8354 JT', '8253 JT', '8601 JT', '8252 JT', '7762 JT', '4902 JT', '9984 JT', '4324 JT', '8355 JT', '8801 JT', '7201 JT', '9007 JT', '3405 JT', '4183 JT', '8233 JT', '3407 JT', '5401 JT', '2502 JT', '5411 JT', '6472 JT', '8604 JT', '7911 JT', '9001 JT', '5803 JT', '4188 JT', '8267 JT', '6770 JT', '3861 JT', '7013 JT', '6305 JT', '9022 JT', '6326 JT', '5333 JT', '5232 JT', '7186 JT', '7272 JT', '8002 JT', '7004 JT', '1332 JT', '5332 JT', '3086 JT', '9412 JT', '7012 JT', '5101 JT', '9104 JT', '9101 JT', '6971 JT']",0.05158382207247618,0.807000144540036
32,2020-05-01,['9064 JT'],-0.004332810988132095,0.8036870716284941,"['9064 JT', '7752 JT', '5901 JT']",-0.007815913066354761,0.7748216539584674,"['9064 JT', '7752 JT', '5901 JT', '4578 JT', '3407 JT']",0.049359205110575455,0.8292344016232077,"['9064 JT', '7752 JT', '5901 JT', '4578 JT', '3407 JT', '1605 JT', '8630 JT', '3382 JT', '8750 JT', '6752 JT']",0.05276727619295184,0.9048669225512302,"['9064 JT', '7752 JT', '5901 JT', '4578 JT', '3407 JT', '1605 JT', '8630 JT', '3382 JT', '8750 JT', '6752 JT', '7003 JT', '8028 JT', '4523 JT', '2768 JT', '6701 JT']",0.046319591296826265,0.9404667420760426,"['9064 JT', '7752 JT', '5901 JT', '4578 JT', '3407 JT', '1605 JT', '8630 JT', '3382 JT', '8750 JT', '6752 JT', '7003 JT', '8028 JT', '4523 JT', '2768 JT', '6701 JT', '8002 JT', '2801 JT', '4151 JT', '5631 JT', '8795 JT']",0.049069478359509436,0.9246647307490912,"['9064 JT', '7752 JT', '5901 JT', '4578 JT', '3407 JT', '1605 JT', '8630 JT', '3382 JT', '8750 JT', '6752 JT', '7003 JT', '8028 JT', '4523 JT', '2768 JT', '6701 JT', '8002 JT', '2801 JT', '4151 JT', '5631 JT', '8795 JT', '9984 JT', '3401 JT', '3861 JT', '9531 JT', '8304 JT', '6674 JT', '9503 JT', '6473 JT', '2432 JT', '8766 JT']",0.04220272594617378,0.8554228298081681,"['9064 JT', '7752 JT', '5901 JT', '4578 JT', '3407 JT', '1605 JT', '8630 JT', '3382 JT', '8750 JT', '6752 JT', '7003 JT', '8028 JT', '4523 JT', '2768 JT', '6701 JT', '8002 JT', '2801 JT', '4151 JT', '5631 JT', '8795 JT', '9984 JT', '3401 JT', '3861 JT', '9531 JT', '8304 JT', '6674 JT', '9503 JT', '6473 JT', '2432 JT', '8766 JT', '8309 JT', '6902 JT', '9432 JT', '1333 JT', '7951 JT', '1963 JT', '4502 JT', '1925 JT', '1802 JT', '6841 JT', '7011 JT', '6971 JT', '2871 JT', '4506 JT', '1803 JT', '2501 JT', '5714 JT', '5541 JT', '8628 JT', '8801 JT']",0.041414145513305724,0.8404213659552757
33,2020-05-20,['4061 JT'],0.12546671406635168,0.9045230476433298,"['4061 JT', '1332 JT', '8304 JT']",0.05916928452426159,0.8206672968570948,"['4061 JT', '1332 JT', '8304 JT', '7003 JT', '4506 JT']",0.0564397971855783,0.876036223070126,"['4061 JT', '1332 JT', '8304 JT', '7003 JT', '4506 JT', '5901 JT', '5541 JT', '5233 JT', '9984 JT', '4902 JT']",0.04822489108646975,0.9485040313390124,"['4061 JT', '1332 JT', '8304 JT', '7003 JT', '4506 JT', '5901 JT', '5541 JT', '5233 JT', '9984 JT', '4902 JT', '8253 JT', '3289 JT', '8802 JT', '3402 JT', '8795 JT']",0.04307416781393487,0.9809765643476507,"['4061 JT', '1332 JT', '8304 JT', '7003 JT', '4506 JT', '5901 JT', '5541 JT', '5233 JT', '9984 JT', '4902 JT', '8253 JT', '3289 JT', '8802 JT', '3402 JT', '8795 JT', '1925 JT', '9503 JT', '9501 JT', '8002 JT', '6841 JT']",0.040821630493994544,0.9624110527185595,"['4061 JT', '1332 JT', '8304 JT', '7003 JT', '4506 JT', '5901 JT', '5541 JT', '5233 JT', '9984 JT', '4902 JT', '8253 JT', '3289 JT', '8802 JT', '3402 JT', '8795 JT', '1925 JT', '9503 JT', '9501 JT', '8002 JT', '6841 JT', '4523 JT', '5706 JT', '2768 JT', '7013 JT', '3405 JT', '6952 JT', '9502 JT', '8601 JT', '4005 JT', '5707 JT']",0.03781014478862451,0.8877664908587098,"['4061 JT', '1332 JT', '8304 JT', '7003 JT', '4506 JT', '5901 JT', '5541 JT', '5233 JT', '9984 JT', '4902 JT', '8253 JT', '3289 JT', '8802 JT', '3402 JT', '8795 JT', '1925 JT', '9503 JT', '9501 JT', '8002 JT', '6841 JT', '4523 JT', '5706 JT', '2768 JT', '7013 JT', '3405 JT', '6952 JT', '9502 JT', '8601 JT', '4005 JT', '5707 JT', '7205 JT', '8766 JT', '6472 JT', '7911 JT', '7186 JT', '8331 JT', '8750 JT', '4503 JT', '3407 JT', '4324 JT', '4272 JT', '3382 JT', '4502 JT', '8306 JT', '7912 JT', '9432 JT', '7269 JT', '6504 JT', '1963 JT', '8830 JT']",0.03610945134393858,0.8707685203776442
34,2020-06-03,['7003 JT'],0.05349174169959881,0.9529075608692007,"['7003 JT', '4208 JT', '5803 JT']",0.05787119282923917,0.8681602922421623,"['7003 JT', '4208 JT', '5803 JT', '4689 JT', '4902 JT']",0.08839716144056502,0.9534753385086386,"['7003 JT', '4208 JT', '5803 JT', '4689 JT', '4902 JT', '7735 JT', '5214 JT', '3402 JT', '9503 JT', '7269 JT']",0.11259324208020946,1.0552991753536203,"['7003 JT', '4208 JT', '5803 JT', '4689 JT', '4902 JT', '7735 JT', '5214 JT', '3402 JT', '9503 JT', '7269 JT', '5901 JT', '9107 JT', '5020 JT', '7013 JT', '8304 JT']",0.11372289448703676,1.0925360586692143,"['7003 JT', '4208 JT', '5803 JT', '4689 JT', '4902 JT', '7735 JT', '5214 JT', '3402 JT', '9503 JT', '7269 JT', '5901 JT', '9107 JT', '5020 JT', '7013 JT', '8304 JT', '1963 JT', '8766 JT', '7012 JT', '1605 JT', '3086 JT']",0.1054096924898186,1.0638585058344256,"['7003 JT', '4208 JT', '5803 JT', '4689 JT', '4902 JT', '7735 JT', '5214 JT', '3402 JT', '9503 JT', '7269 JT', '5901 JT', '9107 JT', '5020 JT', '7013 JT', '8304 JT', '1963 JT', '8766 JT', '7012 JT', '1605 JT', '3086 JT', '4502 JT', '9412 JT', '4188 JT', '8002 JT', '7731 JT', '3861 JT', '2914 JT', '1925 JT', '6472 JT', '5541 JT']",0.11070816067617457,0.9860494861716196,"['7003 JT', '4208 JT', '5803 JT', '4689 JT', '4902 JT', '7735 JT', '5214 JT', '3402 JT', '9503 JT', '7269 JT', '5901 JT', '9107 JT', '5020 JT', '7013 JT', '8304 JT', '1963 JT', '8766 JT', '7012 JT', '1605 JT', '3086 JT', '4502 JT', '9412 JT', '4188 JT', '8002 JT', '7731 JT', '3861 JT', '2914 JT', '1925 JT', '6472 JT', '5541 JT', '7202 JT', '7011 JT', '7205 JT', '2002 JT', '6103 JT', '5802 JT', '8253 JT', '6752 JT', '6841 JT', '9104 JT', '6674 JT', '5411 JT', '7751 JT', '3436 JT', '9501 JT', '8053 JT', '8804 JT', '4005 JT', '6473 JT', '8354 JT']",0.11252203083966808,0.9687491626817897
35,2020-06-17,['1332 JT'],-0.12887813021702846,0.8300986161547089,"['1332 JT', '8233 JT', '9020 JT']",-0.04980431857251522,0.8249221604753257,"['1332 JT', '8233 JT', '9020 JT', '9005 JT', '2802 JT']",-0.01857846793026048,0.9357612275098616,"['1332 JT', '8233 JT', '9020 JT', '9005 JT', '2802 JT', '2002 JT', '3382 JT', '3861 JT', '4901 JT', '8267 JT']",-0.01848683495500216,1.035790033670708,"['1332 JT', '8233 JT', '9020 JT', '9005 JT', '2802 JT', '2002 JT', '3382 JT', '3861 JT', '4901 JT', '8267 JT', '8058 JT', '9502 JT', '8304 JT', '4755 JT', '5232 JT']",-0.01822948445100845,1.0726196895755378,"['1332 JT', '8233 JT', '9020 JT', '9005 JT', '2802 JT', '2002 JT', '3382 JT', '3861 JT', '4901 JT', '8267 JT', '8058 JT', '9502 JT', '8304 JT', '4755 JT', '5232 JT', '2871 JT', '2503 JT', '3863 JT', '1925 JT', '7731 JT']",-0.017922329571217234,1.0447916830757185,"['1332 JT', '8233 JT', '9020 JT', '9005 JT', '2802 JT', '2002 JT', '3382 JT', '3861 JT', '4901 JT', '8267 JT', '8058 JT', '9502 JT', '8304 JT', '4755 JT', '5232 JT', '2871 JT', '2503 JT', '3863 JT', '1925 JT', '7731 JT', '4452 JT', '1333 JT', '7751 JT', '9437 JT', '9531 JT', '3099 JT', '1801 JT', '5020 JT', '4188 JT', '8601 JT']",-0.01679085731561132,0.9694928699431801,"['1332 JT', '8233 JT', '9020 JT', '9005 JT', '2802 JT', '2002 JT', '3382 JT', '3861 JT', '4901 JT', '8267 JT', '8058 JT', '9502 JT', '8304 JT', '4755 JT', '5232 JT', '2871 JT', '2503 JT', '3863 JT', '1925 JT', '7731 JT', '4452 JT', '1333 JT', '7751 JT', '9437 JT', '9531 JT', '3099 JT', '1801 JT', '5020 JT', '4188 JT', '8601 JT', '9532 JT', '2501 JT', '9022 JT', '9602 JT', '8308 JT', '8053 JT', '5803 JT', '8628 JT', '6752 JT', '2914 JT', '9008 JT', '7270 JT', '4042 JT', '3405 JT', '9503 JT', '8303 JT', '8002 JT', '9001 JT', '8802 JT', '7201 JT']",-0.01926603046132025,0.9500852118041838
36,2020-07-01,['7003 JT'],-0.053440378759732066,0.7857378316994719,"['7003 JT', '3086 JT', '9501 JT']",-0.07932214805977988,0.7594875627243084,"['7003 JT', '3086 JT', '9501 JT', '8233 JT', '2914 JT']",-0.06994963123082953,0.8703050747254384,"['7003 JT', '3086 JT', '9501 JT', '8233 JT', '2914 JT', '5541 JT', '8628 JT', '7731 JT', '3861 JT', '7211 JT']",-0.06093999495313858,0.9726689942463037,"['7003 JT', '3086 JT', '9501 JT', '8233 JT', '2914 JT', '5541 JT', '8628 JT', '7731 JT', '3861 JT', '7211 JT', '2802 JT', '8801 JT', '7762 JT', '3382 JT', '7751 JT']",-0.05288890329139135,1.015890010545135,"['7003 JT', '3086 JT', '9501 JT', '8233 JT', '2914 JT', '5541 JT', '8628 JT', '7731 JT', '3861 JT', '7211 JT', '2802 JT', '8801 JT', '7762 JT', '3382 JT', '7751 JT', '2501 JT', '9020 JT', '8750 JT', '4902 JT', '5901 JT']",-0.05334301199615541,0.989059347791927,"['7003 JT', '3086 JT', '9501 JT', '8233 JT', '2914 JT', '5541 JT', '8628 JT', '7731 JT', '3861 JT', '7211 JT', '2802 JT', '8801 JT', '7762 JT', '3382 JT', '7751 JT', '2501 JT', '9020 JT', '8750 JT', '4902 JT', '5901 JT', '9062 JT', '4324 JT', '4004 JT', '9503 JT', '3405 JT', '8028 JT', '4005 JT', '4188 JT', '3863 JT', '9531 JT']",-0.04926473169228824,0.9217310638278428,"['7003 JT', '3086 JT', '9501 JT', '8233 JT', '2914 JT', '5541 JT', '8628 JT', '7731 JT', '3861 JT', '7211 JT', '2802 JT', '8801 JT', '7762 JT', '3382 JT', '7751 JT', '2501 JT', '9020 JT', '8750 JT', '4902 JT', '5901 JT', '9062 JT', '4324 JT', '4004 JT', '9503 JT', '3405 JT', '8028 JT', '4005 JT', '4188 JT', '3863 JT', '9531 JT', '1333 JT', '9021 JT', '8795 JT', '2002 JT', '2768 JT', '5406 JT', '7261 JT', '8002 JT', '8253 JT', '9005 JT', '7270 JT', '9766 JT', '2871 JT', '8304 JT', '5401 JT', '5711 JT', '8303 JT', '5301 JT', '4506 JT', '3402 JT']",-0.052689343383472725,0.9000258458358738
37,2020-07-15,['9501 JT'],0.07046376811594213,0.8411038800722667,"['9501 JT', '9503 JT', '4004 JT']",0.021631763262740376,0.7759166178821563,"['9501 JT', '9503 JT', '4004 JT', '9502 JT', '8233 JT']",-0.0034381425221173805,0.8673128418408104,"['9501 JT', '9503 JT', '4004 JT', '9502 JT', '8233 JT', '2269 JT', '2802 JT', '1333 JT', '3861 JT', '9005 JT']",0.0241149231996206,0.9961248323412054,"['9501 JT', '9503 JT', '4004 JT', '9502 JT', '8233 JT', '2269 JT', '2802 JT', '1333 JT', '3861 JT', '9005 JT', '5301 JT', '3099 JT', '8750 JT', '3863 JT', '9020 JT']",0.019788628116192454,1.0359930801707675,"['9501 JT', '9503 JT', '4004 JT', '9502 JT', '8233 JT', '2269 JT', '2802 JT', '1333 JT', '3861 JT', '9005 JT', '5301 JT', '3099 JT', '8750 JT', '3863 JT', '9020 JT', '2914 JT', '1332 JT', '2768 JT', '4502 JT', '3382 JT']",0.020418763135161132,1.0092547163411072,"['9501 JT', '9503 JT', '4004 JT', '9502 JT', '8233 JT', '2269 JT', '2802 JT', '1333 JT', '3861 JT', '9005 JT', '5301 JT', '3099 JT', '8750 JT', '3863 JT', '9020 JT', '2914 JT', '1332 JT', '2768 JT', '4502 JT', '3382 JT', '3402 JT', '9531 JT', '2871 JT', '9021 JT', '9532 JT', '1925 JT', '4507 JT', '7003 JT', '2501 JT', '4755 JT']",0.03195109277536563,0.9511813785621427,"['9501 JT', '9503 JT', '4004 JT', '9502 JT', '8233 JT', '2269 JT', '2802 JT', '1333 JT', '3861 JT', '9005 JT', '5301 JT', '3099 JT', '8750 JT', '3863 JT', '9020 JT', '2914 JT', '1332 JT', '2768 JT', '4502 JT', '3382 JT', '3402 JT', '9531 JT', '2871 JT', '9021 JT', '9532 JT', '1925 JT', '4507 JT', '7003 JT', '2501 JT', '4755 JT', '8304 JT', '3086 JT', '5406 JT', '9735 JT', '9008 JT', '8802 JT', '3289 JT', '9022 JT', '2002 JT', '9001 JT', '9064 JT', '5020 JT', '6503 JT', '8795 JT', '8253 JT', '7731 JT', '7762 JT', '8058 JT', '7751 JT', '2503 JT']",0.022757589396170154,0.9205082644813474
38,2020-07-31,['7751 JT'],-0.14834146341463414,0.7163332996186197,"['7751 JT', '7211 JT', '8233 JT']",-0.10683875079827317,0.6930186557040056,"['7751 JT', '7211 JT', '8233 JT', '2802 JT', '9020 JT']",-0.11199615800842717,0.770177135763269,"['7751 JT', '7211 JT', '8233 JT', '2802 JT', '9020 JT', '3289 JT', '3863 JT', '3099 JT', '9501 JT', '9531 JT']",-0.08538208066123212,0.9110736215575923,"['7751 JT', '7211 JT', '8233 JT', '2802 JT', '9020 JT', '3289 JT', '3863 JT', '3099 JT', '9501 JT', '9531 JT', '9602 JT', '9005 JT', '3086 JT', '6504 JT', '4911 JT']",-0.0998324795884194,0.9325673221408757,"['7751 JT', '7211 JT', '8233 JT', '2802 JT', '9020 JT', '3289 JT', '3863 JT', '3099 JT', '9501 JT', '9531 JT', '9602 JT', '9005 JT', '3086 JT', '6504 JT', '4911 JT', '4902 JT', '9502 JT', '8304 JT', '2914 JT', '9503 JT']",-0.09151171368317343,0.9168960877059074,"['7751 JT', '7211 JT', '8233 JT', '2802 JT', '9020 JT', '3289 JT', '3863 JT', '3099 JT', '9501 JT', '9531 JT', '9602 JT', '9005 JT', '3086 JT', '6504 JT', '4911 JT', '4902 JT', '9502 JT', '8304 JT', '2914 JT', '9503 JT', '7012 JT', '5803 JT', '7731 JT', '2501 JT', '9022 JT', '4506 JT', '6703 JT', '9532 JT', '8725 JT', '3861 JT']",-0.08962319056268203,0.8659334686115931,"['7751 JT', '7211 JT', '8233 JT', '2802 JT', '9020 JT', '3289 JT', '3863 JT', '3099 JT', '9501 JT', '9531 JT', '9602 JT', '9005 JT', '3086 JT', '6504 JT', '4911 JT', '4902 JT', '9502 JT', '8304 JT', '2914 JT', '9503 JT', '7012 JT', '5803 JT', '7731 JT', '2501 JT', '9022 JT', '4506 JT', '6703 JT', '9532 JT', '8725 JT', '3861 JT', '6302 JT', '4503 JT', '4755 JT', '9021 JT', '1333 JT', '9062 JT', '9107 JT', '6113 JT', '4452 JT', '4005 JT', '3405 JT', '8053 JT', '7762 JT', '8801 JT', '9766 JT', '7003 JT', '4004 JT', '3401 JT', '7205 JT', '9009 JT']",-0.09612825016100199,0.8320214157580146
39,2020-08-17,['3101 JT'],0.12210504113292565,0.8038012066334356,"['3101 JT', '2501 JT', '9020 JT']",0.16923428307014343,0.8103011710563075,"['3101 JT', '2501 JT', '9020 JT', '4755 JT', '9107 JT']",0.11546914138976345,0.8591088283478809,"['3101 JT', '2501 JT', '9020 JT', '4755 JT', '9107 JT', '2871 JT', '6701 JT', '5703 JT', '3863 JT', '9064 JT']",0.10539393285807894,1.0070952536567999,"['3101 JT', '2501 JT', '9020 JT', '4755 JT', '9107 JT', '2871 JT', '6701 JT', '5703 JT', '3863 JT', '9064 JT', '9531 JT', '3103 JT', '1801 JT', '7731 JT', '4911 JT']",0.10930843455987779,1.034504796245792,"['3101 JT', '2501 JT', '9020 JT', '4755 JT', '9107 JT', '2871 JT', '6701 JT', '5703 JT', '3863 JT', '9064 JT', '9531 JT', '3103 JT', '1801 JT', '7731 JT', '4911 JT', '5801 JT', '5713 JT', '5108 JT', '9502 JT', '4502 JT']",0.10862614036386727,1.0164949708281301,"['3101 JT', '2501 JT', '9020 JT', '4755 JT', '9107 JT', '2871 JT', '6701 JT', '5703 JT', '3863 JT', '9064 JT', '9531 JT', '3103 JT', '1801 JT', '7731 JT', '4911 JT', '5801 JT', '5713 JT', '5108 JT', '9502 JT', '4502 JT', '2914 JT', '3861 JT', '5803 JT', '9501 JT', '3436 JT', '5711 JT', '7201 JT', '2269 JT', '9532 JT', '8028 JT']",0.10121877500427774,0.9535821935396638,"['3101 JT', '2501 JT', '9020 JT', '4755 JT', '9107 JT', '2871 JT', '6701 JT', '5703 JT', '3863 JT', '9064 JT', '9531 JT', '3103 JT', '1801 JT', '7731 JT', '4911 JT', '5801 JT', '5713 JT', '5108 JT', '9502 JT', '4502 JT', '2914 JT', '3861 JT', '5803 JT', '9501 JT', '3436 JT', '5711 JT', '7201 JT', '2269 JT', '9532 JT', '8028 JT', '7003 JT', '7751 JT', '9503 JT', '6301 JT', '7735 JT', '2503 JT', '8233 JT', '1803 JT', '4452 JT', '4704 JT', '7012 JT', '4004 JT', '2802 JT', '1721 JT', '8058 JT', '6954 JT', '9005 JT', '2768 JT', '7211 JT', '6703 JT']",0.11095205658395335,0.9243359029582587
40,2020-08-31,['4004 JT'],0.00992052980132452,0.8117753404581832,"['4004 JT', '4755 JT', '2871 JT']",0.02006176032543524,0.8265572389414586,"['4004 JT', '4755 JT', '2871 JT', '9531 JT', '4506 JT']",0.01810790936111619,0.8746654931429392,"['4004 JT', '4755 JT', '2871 JT', '9531 JT', '4506 JT', '8058 JT', '9062 JT', '2501 JT', '5801 JT', '4502 JT']",0.0038088504240990882,1.0109311288407987,"['4004 JT', '4755 JT', '2871 JT', '9531 JT', '4506 JT', '8058 JT', '9062 JT', '2501 JT', '5801 JT', '4502 JT', '7762 JT', '9432 JT', '9433 JT', '9064 JT', '2269 JT']",0.010271115920528224,1.045130314928375,"['4004 JT', '4755 JT', '2871 JT', '9531 JT', '4506 JT', '8058 JT', '9062 JT', '2501 JT', '5801 JT', '4502 JT', '7762 JT', '9432 JT', '9433 JT', '9064 JT', '2269 JT', '3863 JT', '7003 JT', '8267 JT', '3099 JT', '2768 JT']",0.0092492821867965,1.0258968196547789,"['4004 JT', '4755 JT', '2871 JT', '9531 JT', '4506 JT', '8058 JT', '9062 JT', '2501 JT', '5801 JT', '4502 JT', '7762 JT', '9432 JT', '9433 JT', '9064 JT', '2269 JT', '3863 JT', '7003 JT', '8267 JT', '3099 JT', '2768 JT', '9020 JT', '8233 JT', '9532 JT', '2914 JT', '3436 JT', '3405 JT', '4507 JT', '2282 JT', '8355 JT', '3382 JT']",0.005007598945997714,0.9583573507269552,"['4004 JT', '4755 JT', '2871 JT', '9531 JT', '4506 JT', '8058 JT', '9062 JT', '2501 JT', '5801 JT', '4502 JT', '7762 JT', '9432 JT', '9433 JT', '9064 JT', '2269 JT', '3863 JT', '7003 JT', '8267 JT', '3099 JT', '2768 JT', '9020 JT', '8233 JT', '9532 JT', '2914 JT', '3436 JT', '3405 JT', '4507 JT', '2282 JT', '8355 JT', '3382 JT', '5201 JT', '4578 JT', '5020 JT', '9001 JT', '4043 JT', '4272 JT', '5711 JT', '6302 JT', '5232 JT', '4503 JT', '2531 JT', '1721 JT', '1801 JT', '6762 JT', '7731 JT', '8303 JT', '5333 JT', '9502 JT', '2503 JT', '3289 JT']",0.001411806610171533,0.9256408864960741
41,2020-09-14,['2432 JT'],-0.002,0.8101517897772669,"['2432 JT', '1963 JT', '9064 JT']",0.08672351974567387,0.8982391919737279,"['2432 JT', '1963 JT', '9064 JT', '4272 JT', '7202 JT']",0.06167586771987313,0.9286112463971608,"['2432 JT', '1963 JT', '9064 JT', '4272 JT', '7202 JT', '4021 JT', '7731 JT', '5631 JT', '7013 JT', '7762 JT']",0.04132024691614202,1.0527030526997148,"['2432 JT', '1963 JT', '9064 JT', '4272 JT', '7202 JT', '4021 JT', '7731 JT', '5631 JT', '7013 JT', '7762 JT', '3103 JT', '2531 JT', '1605 JT', '7003 JT', '5707 JT']",0.011129721369232265,1.056762324128066,"['2432 JT', '1963 JT', '9064 JT', '4272 JT', '7202 JT', '4021 JT', '7731 JT', '5631 JT', '7013 JT', '7762 JT', '3103 JT', '2531 JT', '1605 JT', '7003 JT', '5707 JT', '6841 JT', '6770 JT', '8750 JT', '6302 JT', '3407 JT']",0.012808261373128972,1.039036774262779,"['2432 JT', '1963 JT', '9064 JT', '4272 JT', '7202 JT', '4021 JT', '7731 JT', '5631 JT', '7013 JT', '7762 JT', '3103 JT', '2531 JT', '1605 JT', '7003 JT', '5707 JT', '6841 JT', '6770 JT', '8750 JT', '6302 JT', '3407 JT', '4004 JT', '5202 JT', '5541 JT', '9984 JT', '9107 JT', '8630 JT', '7272 JT', '5706 JT', '7269 JT', '8795 JT']",0.01447539480422553,0.9722299517422595,"['2432 JT', '1963 JT', '9064 JT', '4272 JT', '7202 JT', '4021 JT', '7731 JT', '5631 JT', '7013 JT', '7762 JT', '3103 JT', '2531 JT', '1605 JT', '7003 JT', '5707 JT', '6841 JT', '6770 JT', '8750 JT', '6302 JT', '3407 JT', '4004 JT', '5202 JT', '5541 JT', '9984 JT', '9107 JT', '8630 JT', '7272 JT', '5706 JT', '7269 JT', '8795 JT', '4324 JT', '8233 JT', '2502 JT', '5101 JT', '3086 JT', '5703 JT', '6103 JT', '7201 JT', '5801 JT', '9766 JT', '5214 JT', '4502 JT', '7735 JT', '5803 JT', '9433 JT', '6471 JT', '7205 JT', '5711 JT', '7186 JT', '6674 JT']",0.024567243657440292,0.9483813316939121
42,2020-09-30,['9437 JT'],0.057791552386176726,0.8569717193769346,"['9437 JT', '9432 JT', '7013 JT']",0.026329221274581892,0.9218891304167057,"['9437 JT', '9432 JT', '7013 JT', '9433 JT', '8304 JT']",-0.02053617344363834,0.9095411247794355,"['9437 JT', '9432 JT', '7013 JT', '9433 JT', '8304 JT', '6770 JT', '5803 JT', '5202 JT', '5233 JT', '5707 JT']",-0.03042050282018508,1.0206792965162457,"['9437 JT', '9432 JT', '7013 JT', '9433 JT', '8304 JT', '6770 JT', '5803 JT', '5202 JT', '5233 JT', '5707 JT', '3101 JT', '7202 JT', '7205 JT', '5401 JT', '5101 JT']",-0.0410071998231725,1.0134274603369462,"['9437 JT', '9432 JT', '7013 JT', '9433 JT', '8304 JT', '6770 JT', '5803 JT', '5202 JT', '5233 JT', '5707 JT', '3101 JT', '7202 JT', '7205 JT', '5401 JT', '5101 JT', '2502 JT', '5214 JT', '1605 JT', '6103 JT', '5703 JT']",-0.05066082952501015,0.986398309371636,"['9437 JT', '9432 JT', '7013 JT', '9433 JT', '8304 JT', '6770 JT', '5803 JT', '5202 JT', '5233 JT', '5707 JT', '3101 JT', '7202 JT', '7205 JT', '5401 JT', '5101 JT', '2502 JT', '5214 JT', '1605 JT', '6103 JT', '5703 JT', '7951 JT', '5411 JT', '7012 JT', '5711 JT', '9022 JT', '7267 JT', '7011 JT', '9202 JT', '6472 JT', '5802 JT']",-0.059466849908722884,0.9144144991252376,"['9437 JT', '9432 JT', '7013 JT', '9433 JT', '8304 JT', '6770 JT', '5803 JT', '5202 JT', '5233 JT', '5707 JT', '3101 JT', '7202 JT', '7205 JT', '5401 JT', '5101 JT', '2502 JT', '5214 JT', '1605 JT', '6103 JT', '5703 JT', '7951 JT', '5411 JT', '7012 JT', '5711 JT', '9022 JT', '7267 JT', '7011 JT', '9202 JT', '6472 JT', '5802 JT', '7731 JT', '3099 JT', '8354 JT', '3289 JT', '6954 JT', '7201 JT', '7261 JT', '8308 JT', '7272 JT', '8316 JT', '5713 JT', '6113 JT', '6503 JT', '7911 JT', '4042 JT', '6724 JT', '9107 JT', '5801 JT', '3402 JT', '1803 JT']",-0.06285441597646911,0.8887713769673052
43,2020-10-15,['7013 JT'],-0.003544401544401497,0.8539342674912666,"['7013 JT', '2502 JT', '5707 JT']",-0.0009410737497758837,0.9210215647558668,"['7013 JT', '2502 JT', '5707 JT', '1963 JT', '7762 JT']",0.005261861774230849,0.9143270044560033,"['7013 JT', '2502 JT', '5707 JT', '1963 JT', '7762 JT', '4324 JT', '6103 JT', '4755 JT', '5706 JT', '6724 JT']",0.005709365522958755,1.0265067277017734,"['7013 JT', '2502 JT', '5707 JT', '1963 JT', '7762 JT', '4324 JT', '6103 JT', '4755 JT', '5706 JT', '6724 JT', '6472 JT', '6471 JT', '5202 JT', '6770 JT', '7272 JT']",0.014666264820490384,1.028290655846605,"['7013 JT', '2502 JT', '5707 JT', '1963 JT', '7762 JT', '4324 JT', '6103 JT', '4755 JT', '5706 JT', '6724 JT', '6472 JT', '6471 JT', '5202 JT', '6770 JT', '7272 JT', '6473 JT', '7012 JT', '5801 JT', '5401 JT', '4902 JT']",0.008864397293796063,0.9951421358758349,"['7013 JT', '2502 JT', '5707 JT', '1963 JT', '7762 JT', '4324 JT', '6103 JT', '4755 JT', '5706 JT', '6724 JT', '6472 JT', '6471 JT', '5202 JT', '6770 JT', '7272 JT', '6473 JT', '7012 JT', '5801 JT', '5401 JT', '4902 JT', '2531 JT', '6302 JT', '5901 JT', '5713 JT', '5201 JT', '8354 JT', '5803 JT', '4004 JT', '6752 JT', '5802 JT']",-0.0029998935055296104,0.9116713530079497,"['7013 JT', '2502 JT', '5707 JT', '1963 JT', '7762 JT', '4324 JT', '6103 JT', '4755 JT', '5706 JT', '6724 JT', '6472 JT', '6471 JT', '5202 JT', '6770 JT', '7272 JT', '6473 JT', '7012 JT', '5801 JT', '5401 JT', '4902 JT', '2531 JT', '6302 JT', '5901 JT', '5713 JT', '5201 JT', '8354 JT', '5803 JT', '4004 JT', '6752 JT', '5802 JT', '5101 JT', '5411 JT', '6954 JT', '5214 JT', '7752 JT', '3407 JT', '7202 JT', '5233 JT', '7211 JT', '4021 JT', '7261 JT', '9107 JT', '5711 JT', '7011 JT', '3105 JT', '1808 JT', '1812 JT', '8830 JT', '7205 JT', '3405 JT']",-0.004770242125438816,0.8845317223050115
44,2020-10-29,['6305 JT'],-0.03413751868460391,0.8247830704793598,"['6305 JT', '1963 JT', '7202 JT']",-0.015832211761979388,0.9064397563053024,"['6305 JT', '1963 JT', '7202 JT', '4502 JT', '6841 JT']",-0.00907153186387519,0.9060326579010791,"['6305 JT', '1963 JT', '7202 JT', '4502 JT', '6841 JT', '4507 JT', '5631 JT', '9613 JT', '5703 JT', '1605 JT']",-0.006659696756214271,1.0196705041770657,"['6305 JT', '1963 JT', '7202 JT', '4502 JT', '6841 JT', '4507 JT', '5631 JT', '9613 JT', '5703 JT', '1605 JT', '7012 JT', '5201 JT', '7013 JT', '4506 JT', '4578 JT']",-0.0012557604409991745,1.0269993691191437,"['6305 JT', '1963 JT', '7202 JT', '4502 JT', '6841 JT', '4507 JT', '5631 JT', '9613 JT', '5703 JT', '1605 JT', '7012 JT', '5201 JT', '7013 JT', '4506 JT', '4578 JT', '7912 JT', '6701 JT', '7261 JT', '9064 JT', '5214 JT']",-8.308505910209875e-05,0.9950594544326606,"['6305 JT', '1963 JT', '7202 JT', '4502 JT', '6841 JT', '4507 JT', '5631 JT', '9613 JT', '5703 JT', '1605 JT', '7012 JT', '5201 JT', '7013 JT', '4506 JT', '4578 JT', '7912 JT', '6701 JT', '7261 JT', '9064 JT', '5214 JT', '1812 JT', '4043 JT', '5901 JT', '9766 JT', '4021 JT', '2282 JT', '1801 JT', '2269 JT', '4523 JT', '8628 JT']",-0.002508569829143557,0.9093843617576994,"['6305 JT', '1963 JT', '7202 JT', '4502 JT', '6841 JT', '4507 JT', '5631 JT', '9613 JT', '5703 JT', '1605 JT', '7012 JT', '5201 JT', '7013 JT', '4506 JT', '4578 JT', '7912 JT', '6701 JT', '7261 JT', '9064 JT', '5214 JT', '1812 JT', '4043 JT', '5901 JT', '9766 JT', '4021 JT', '2282 JT', '1801 JT', '2269 JT', '4523 JT', '8628 JT', '6702 JT', '8015 JT', '1332 JT', '7911 JT', '9301 JT', '5711 JT', '2531 JT', '4704 JT', '8601 JT', '5202 JT', '4004 JT', '8308 JT', '8035 JT', '5233 JT', '3101 JT', '7003 JT', '7201 JT', '9984 JT', '9437 JT', '3405 JT']",-0.004657224751568048,0.8804122592743455
45,2020-11-13,['6770 JT'],0.037215686274509885,0.8554779384748467,"['6770 JT', '4689 JT', '9984 JT']",0.061555070908012086,0.9622357197785165,"['6770 JT', '4689 JT', '9984 JT', '4208 JT', '4523 JT']",0.07408990734818217,0.9731605335793974,"['6770 JT', '4689 JT', '9984 JT', '4208 JT', '4523 JT', '4043 JT', '1332 JT', '7735 JT', '7752 JT', '5101 JT']",0.08947121175187936,1.1109016597734376,"['6770 JT', '4689 JT', '9984 JT', '4208 JT', '4523 JT', '4043 JT', '1332 JT', '7735 JT', '7752 JT', '5101 JT', '7211 JT', '5707 JT', '7912 JT', '8304 JT', '4005 JT']",0.09457669140708265,1.1241295715275936,"['6770 JT', '4689 JT', '9984 JT', '4208 JT', '4523 JT', '4043 JT', '1332 JT', '7735 JT', '7752 JT', '5101 JT', '7211 JT', '5707 JT', '7912 JT', '8304 JT', '4005 JT', '1963 JT', '6703 JT', '2269 JT', '5020 JT', '9501 JT']",0.07349599550747846,1.0681923396253175,"['6770 JT', '4689 JT', '9984 JT', '4208 JT', '4523 JT', '4043 JT', '1332 JT', '7735 JT', '7752 JT', '5101 JT', '7211 JT', '5707 JT', '7912 JT', '8304 JT', '4005 JT', '1963 JT', '6703 JT', '2269 JT', '5020 JT', '9501 JT', '5201 JT', '7013 JT', '4502 JT', '8630 JT', '6971 JT', '6503 JT', '1605 JT', '7270 JT', '2282 JT', '5401 JT']",0.06793418128605956,0.9711626438480546,"['6770 JT', '4689 JT', '9984 JT', '4208 JT', '4523 JT', '4043 JT', '1332 JT', '7735 JT', '7752 JT', '5101 JT', '7211 JT', '5707 JT', '7912 JT', '8304 JT', '4005 JT', '1963 JT', '6703 JT', '2269 JT', '5020 JT', '9501 JT', '5201 JT', '7013 JT', '4502 JT', '8630 JT', '6971 JT', '6503 JT', '1605 JT', '7270 JT', '2282 JT', '5401 JT', '5901 JT', '5202 JT', '5411 JT', '7762 JT', '6473 JT', '1808 JT', '9503 JT', '2002 JT', '9202 JT', '3103 JT', '7186 JT', '3407 JT', '7011 JT', '8628 JT', '8002 JT', '1928 JT', '4755 JT', '7261 JT', '8795 JT', '6302 JT']",0.06644756610626067,0.93891351107324
46,2020-11-30,['5101 JT'],-0.0841052631578948,0.7835277413336463,"['5101 JT', '1963 JT', '6473 JT']",0.025741041334896672,0.9870046692152493,"['5101 JT', '1963 JT', '6473 JT', '7012 JT', '9531 JT']",0.013829519618950981,0.9866188762709225,"['5101 JT', '1963 JT', '6473 JT', '7012 JT', '9531 JT', '7211 JT', '7731 JT', '3101 JT', '4004 JT', '6902 JT']",0.016095234746128687,1.128781882767355,"['5101 JT', '1963 JT', '6473 JT', '7012 JT', '9531 JT', '7211 JT', '7731 JT', '3101 JT', '4004 JT', '6902 JT', '8750 JT', '6770 JT', '5901 JT', '9503 JT', '8304 JT']",0.011321811298518948,1.136856754411514,"['5101 JT', '1963 JT', '6473 JT', '7012 JT', '9531 JT', '7211 JT', '7731 JT', '3101 JT', '4004 JT', '6902 JT', '8750 JT', '6770 JT', '5901 JT', '9503 JT', '8304 JT', '9532 JT', '7003 JT', '6301 JT', '5707 JT', '2002 JT']",0.0027186893141379967,1.0710964227245008,"['5101 JT', '1963 JT', '6473 JT', '7012 JT', '9531 JT', '7211 JT', '7731 JT', '3101 JT', '4004 JT', '6902 JT', '8750 JT', '6770 JT', '5901 JT', '9503 JT', '8304 JT', '9532 JT', '7003 JT', '6301 JT', '5707 JT', '2002 JT', '4502 JT', '7202 JT', '8355 JT', '3405 JT', '1925 JT', '8601 JT', '8628 JT', '5232 JT', '5802 JT', '3407 JT']",0.014705428815512315,0.985444006975447,"['5101 JT', '1963 JT', '6473 JT', '7012 JT', '9531 JT', '7211 JT', '7731 JT', '3101 JT', '4004 JT', '6902 JT', '8750 JT', '6770 JT', '5901 JT', '9503 JT', '8304 JT', '9532 JT', '7003 JT', '6301 JT', '5707 JT', '2002 JT', '4502 JT', '7202 JT', '8355 JT', '3405 JT', '1925 JT', '8601 JT', '8628 JT', '5232 JT', '5802 JT', '3407 JT', '2269 JT', '5801 JT', '5214 JT', '9301 JT', '4503 JT', '7201 JT', '4188 JT', '6701 JT', '5706 JT', '6471 JT', '2282 JT', '6472 JT', '1808 JT', '8252 JT', '6504 JT', '2768 JT', '3402 JT', '6302 JT', '9501 JT', '4452 JT']",0.006352729968888133,0.9448781750732289
47,2020-12-14,['9202 JT'],0.04593169106056228,0.8195164954859635,"['9202 JT', '5214 JT', '7003 JT']",0.021820367608422694,1.0085414739287557,"['9202 JT', '5214 JT', '7003 JT', '5232 JT', '1963 JT']",0.0743200970571174,1.0599444869137615,"['9202 JT', '5214 JT', '7003 JT', '5232 JT', '1963 JT', '7269 JT', '5703 JT', '7731 JT', '5233 JT', '7272 JT']",0.08780880018014334,1.2278988655582397,"['9202 JT', '5214 JT', '7003 JT', '5232 JT', '1963 JT', '7269 JT', '5703 JT', '7731 JT', '5233 JT', '7272 JT', '4507 JT', '1333 JT', '9301 JT', '8354 JT', '9766 JT']",0.06332543486947022,1.2088487027689176,"['9202 JT', '5214 JT', '7003 JT', '5232 JT', '1963 JT', '7269 JT', '5703 JT', '7731 JT', '5233 JT', '7272 JT', '4507 JT', '1333 JT', '9301 JT', '8354 JT', '9766 JT', '1332 JT', '9531 JT', '1605 JT', '7211 JT', '7012 JT']",0.06474086952017628,1.1404401364716352,"['9202 JT', '5214 JT', '7003 JT', '5232 JT', '1963 JT', '7269 JT', '5703 JT', '7731 JT', '5233 JT', '7272 JT', '4507 JT', '1333 JT', '9301 JT', '8354 JT', '9766 JT', '1332 JT', '9531 JT', '1605 JT', '7211 JT', '7012 JT', '6473 JT', '1808 JT', '7762 JT', '9613 JT', '5020 JT', '8015 JT', '7202 JT', '4324 JT', '6770 JT', '1925 JT']",0.05471266759489598,1.0393602773624768,"['9202 JT', '5214 JT', '7003 JT', '5232 JT', '1963 JT', '7269 JT', '5703 JT', '7731 JT', '5233 JT', '7272 JT', '4507 JT', '1333 JT', '9301 JT', '8354 JT', '9766 JT', '1332 JT', '9531 JT', '1605 JT', '7211 JT', '7012 JT', '6473 JT', '1808 JT', '7762 JT', '9613 JT', '5020 JT', '8015 JT', '7202 JT', '4324 JT', '6770 JT', '1925 JT', '4755 JT', '4502 JT', '5803 JT', '6113 JT', '4902 JT', '4005 JT', '9062 JT', '2432 JT', '8002 JT', '5101 JT', '6841 JT', '9735 JT', '7951 JT', '7912 JT', '6305 JT', '8750 JT', '5401 JT', '6302 JT', '8795 JT', '6103 JT']",0.055490272789191344,0.9973097227605956
48,2020-12-28,['7004 JT'],-0.1319858270905041,0.7113519330149373,"['7004 JT', '9202 JT', '7269 JT']",-0.0419250968259954,0.9662582749812605,"['7004 JT', '9202 JT', '7269 JT', '2432 JT', '5233 JT']",-0.03249272038502821,1.0255040070768204,"['7004 JT', '9202 JT', '7269 JT', '2432 JT', '5233 JT', '4324 JT', '4502 JT', '5707 JT', '9101 JT', '7202 JT']",-0.044541375146801856,1.1732065615450777,"['7004 JT', '9202 JT', '7269 JT', '2432 JT', '5233 JT', '4324 JT', '4502 JT', '5707 JT', '9101 JT', '7202 JT', '7752 JT', '3086 JT', '9503 JT', '9020 JT', '1925 JT']",-0.031197104489325056,1.1711361234768507,"['7004 JT', '9202 JT', '7269 JT', '2432 JT', '5233 JT', '4324 JT', '4502 JT', '5707 JT', '9101 JT', '7202 JT', '7752 JT', '3086 JT', '9503 JT', '9020 JT', '1925 JT', '6305 JT', '2002 JT', '1333 JT', '2914 JT', '8628 JT']",-0.0172127576179147,1.1208100168248074,"['7004 JT', '9202 JT', '7269 JT', '2432 JT', '5233 JT', '4324 JT', '4502 JT', '5707 JT', '9101 JT', '7202 JT', '7752 JT', '3086 JT', '9503 JT', '9020 JT', '1925 JT', '6305 JT', '2002 JT', '1333 JT', '2914 JT', '8628 JT', '8795 JT', '4005 JT', '4755 JT', '8750 JT', '8002 JT', '6504 JT', '6703 JT', '7270 JT', '9107 JT', '1801 JT']",-0.01563809109576704,1.0231066666637607,"['7004 JT', '9202 JT', '7269 JT', '2432 JT', '5233 JT', '4324 JT', '4502 JT', '5707 JT', '9101 JT', '7202 JT', '7752 JT', '3086 JT', '9503 JT', '9020 JT', '1925 JT', '6305 JT', '2002 JT', '1333 JT', '2914 JT', '8628 JT', '8795 JT', '4005 JT', '4755 JT', '8750 JT', '8002 JT', '6504 JT', '6703 JT', '7270 JT', '9107 JT', '1801 JT', '8802 JT', '8830 JT', '5411 JT', '6724 JT', '8331 JT', '8233 JT', '5214 JT', '9766 JT', '4042 JT', '8804 JT', '7205 JT', '5333 JT', '1803 JT', '9984 JT', '6103 JT', '1963 JT', '9502 JT', '6479 JT', '3436 JT', '6361 JT']",-0.018658674905306843,0.978701244863704
49,2021-01-14,['6753 JT'],0.1232115059221659,0.7989986759223514,"['6753 JT', '5707 JT', '5232 JT']",0.0893874077858355,1.0526295974334483,"['6753 JT', '5707 JT', '5232 JT', '7004 JT', '9104 JT']",0.07567437985611383,1.1031083868523186,"['6753 JT', '5707 JT', '5232 JT', '7004 JT', '9104 JT', '5214 JT', '2432 JT', '4324 JT', '4061 JT', '3103 JT']",0.05800392733762746,1.241257149692966,"['6753 JT', '5707 JT', '5232 JT', '7004 JT', '9104 JT', '5214 JT', '2432 JT', '4324 JT', '4061 JT', '3103 JT', '9107 JT', '7205 JT', '7013 JT', '8252 JT', '6472 JT']",0.05630782864222957,1.2370802556343103,"['6753 JT', '5707 JT', '5232 JT', '7004 JT', '9104 JT', '5214 JT', '2432 JT', '4324 JT', '4061 JT', '3103 JT', '9107 JT', '7205 JT', '7013 JT', '8252 JT', '6472 JT', '2914 JT', '7203 JT', '7201 JT', '9531 JT', '2768 JT']",0.052367565431897946,1.1795041087176072,"['6753 JT', '5707 JT', '5232 JT', '7004 JT', '9104 JT', '5214 JT', '2432 JT', '4324 JT', '4061 JT', '3103 JT', '9107 JT', '7205 JT', '7013 JT', '8252 JT', '6472 JT', '2914 JT', '7203 JT', '7201 JT', '9531 JT', '2768 JT', '3086 JT', '4188 JT', '9602 JT', '6902 JT', '6326 JT', '8233 JT', '5202 JT', '5233 JT', '9022 JT', '4005 JT']",0.06437715981946789,1.0889713680559365,"['6753 JT', '5707 JT', '5232 JT', '7004 JT', '9104 JT', '5214 JT', '2432 JT', '4324 JT', '4061 JT', '3103 JT', '9107 JT', '7205 JT', '7013 JT', '8252 JT', '6472 JT', '2914 JT', '7203 JT', '7201 JT', '9531 JT', '2768 JT', '3086 JT', '4188 JT', '9602 JT', '6902 JT', '6326 JT', '8233 JT', '5202 JT', '5233 JT', '9022 JT', '4005 JT', '9202 JT', '3101 JT', '2802 JT', '6113 JT', '5406 JT', '9020 JT', '8801 JT', '3289 JT', '9021 JT', '2501 JT', '8628 JT', '9412 JT', '5706 JT', '7003 JT', '1925 JT', '9503 JT', '5801 JT', '1803 JT', '8058 JT', '1333 JT']",0.06793150001721887,1.045185888496015
50,2021-01-28,['9007 JT'],0.2786539509536785,1.0216428137748723,"['9007 JT', '5401 JT', '7004 JT']",0.05764552085176,1.1133089788414778,"['9007 JT', '5401 JT', '7004 JT', '9008 JT', '9107 JT']",-0.004311539634983073,1.0983522913207227,"['9007 JT', '5401 JT', '7004 JT', '9008 JT', '9107 JT', '3861 JT', '9009 JT', '1333 JT', '9005 JT', '8725 JT']",0.0052125235836807966,1.2477272318591532,"['9007 JT', '5401 JT', '7004 JT', '9008 JT', '9107 JT', '3861 JT', '9009 JT', '1333 JT', '9005 JT', '8725 JT', '9104 JT', '5411 JT', '3863 JT', '6674 JT', '5406 JT']",6.25176744858992e-05,1.237157595015045,"['9007 JT', '5401 JT', '7004 JT', '9008 JT', '9107 JT', '3861 JT', '9009 JT', '1333 JT', '9005 JT', '8725 JT', '9104 JT', '5411 JT', '3863 JT', '6674 JT', '5406 JT', '8604 JT', '8031 JT', '4755 JT', '9532 JT', '5707 JT']",-0.0039374583716986706,1.1748598603902842,"['9007 JT', '5401 JT', '7004 JT', '9008 JT', '9107 JT', '3861 JT', '9009 JT', '1333 JT', '9005 JT', '8725 JT', '9104 JT', '5411 JT', '3863 JT', '6674 JT', '5406 JT', '8604 JT', '8031 JT', '4755 JT', '9532 JT', '5707 JT', '7211 JT', '9101 JT', '5631 JT', '8303 JT', '2802 JT', '3105 JT', '3401 JT', '8354 JT', '3086 JT', '8801 JT']",0.008977964705514808,1.0987481145636588,"['9007 JT', '5401 JT', '7004 JT', '9008 JT', '9107 JT', '3861 JT', '9009 JT', '1333 JT', '9005 JT', '8725 JT', '9104 JT', '5411 JT', '3863 JT', '6674 JT', '5406 JT', '8604 JT', '8031 JT', '4755 JT', '9532 JT', '5707 JT', '7211 JT', '9101 JT', '5631 JT', '8303 JT', '2802 JT', '3105 JT', '3401 JT', '8354 JT', '3086 JT', '8801 JT', '5802 JT', '9602 JT', '9062 JT', '6178 JT', '8802 JT', '4183 JT', '5233 JT', '8253 JT', '9001 JT', '4061 JT', '8233 JT', '1925 JT', '5332 JT', '8601 JT', '5541 JT', '8308 JT', '7186 JT', '4324 JT', '2914 JT', '9022 JT']",0.0010984765194939567,1.0463340006530342
51,2021-02-12,['9107 JT'],0.11370247933884305,1.1378061346997872,"['9107 JT', '9104 JT', '6103 JT']",0.12497669940254455,1.252446660432303,"['9107 JT', '9104 JT', '6103 JT', '7731 JT', '7003 JT']",0.0945408188060056,1.202191416279636,"['9107 JT', '9104 JT', '6103 JT', '7731 JT', '7003 JT', '6361 JT', '8354 JT', '5631 JT', '9531 JT', '9412 JT']",0.09261225140445348,1.363282059940276,"['9107 JT', '9104 JT', '6103 JT', '7731 JT', '7003 JT', '6361 JT', '8354 JT', '5631 JT', '9531 JT', '9412 JT', '7735 JT', '3402 JT', '6841 JT', '9062 JT', '7269 JT']",0.10649383754338,1.368907254954136,"['9107 JT', '9104 JT', '6103 JT', '7731 JT', '7003 JT', '6361 JT', '8354 JT', '5631 JT', '9531 JT', '9412 JT', '7735 JT', '3402 JT', '6841 JT', '9062 JT', '7269 JT', '5803 JT', '9766 JT', '8303 JT', '1925 JT', '8725 JT']",0.09967154934852236,1.2919599629427725,"['9107 JT', '9104 JT', '6103 JT', '7731 JT', '7003 JT', '6361 JT', '8354 JT', '5631 JT', '9531 JT', '9412 JT', '7735 JT', '3402 JT', '6841 JT', '9062 JT', '7269 JT', '5803 JT', '9766 JT', '8303 JT', '1925 JT', '8725 JT', '5541 JT', '5714 JT', '2802 JT', '7186 JT', '7951 JT', '4502 JT', '3436 JT', '6703 JT', '8795 JT', '6098 JT']",0.09351106459065522,1.2014932204734816,"['9107 JT', '9104 JT', '6103 JT', '7731 JT', '7003 JT', '6361 JT', '8354 JT', '5631 JT', '9531 JT', '9412 JT', '7735 JT', '3402 JT', '6841 JT', '9062 JT', '7269 JT', '5803 JT', '9766 JT', '8303 JT', '1925 JT', '8725 JT', '5541 JT', '5714 JT', '2802 JT', '7186 JT', '7951 JT', '4502 JT', '3436 JT', '6703 JT', '8795 JT', '6098 JT', '3407 JT', '5301 JT', '5020 JT', '6506 JT', '5801 JT', '8355 JT', '5201 JT', '3401 JT', '6301 JT', '1803 JT', '1802 JT', '8253 JT', '8058 JT', '5214 JT', '7013 JT', '4506 JT', '6113 JT', '5232 JT', '8233 JT', '8630 JT']",0.08673183980848502,1.1370844735838446
52,2021-03-01,['5631 JT'],0.0862990249187432,1.235997694670943,"['5631 JT', '7269 JT', '9613 JT']",0.06557511164726297,1.3345759900223928,"['5631 JT', '7269 JT', '9613 JT', '6724 JT', '4755 JT']",0.06595194807882569,1.2814782821469206,"['5631 JT', '7269 JT', '9613 JT', '6724 JT', '4755 JT', '6954 JT', '7751 JT', '6674 JT', '6103 JT', '7272 JT']",0.023385755139691676,1.3951634403803737,"['5631 JT', '7269 JT', '9613 JT', '6724 JT', '4755 JT', '6954 JT', '7751 JT', '6674 JT', '6103 JT', '7272 JT', '7201 JT', '7735 JT', '6841 JT', '4324 JT', '7270 JT']",0.01221200363799177,1.3856243553317091,"['5631 JT', '7269 JT', '9613 JT', '6724 JT', '4755 JT', '6954 JT', '7751 JT', '6674 JT', '6103 JT', '7272 JT', '7201 JT', '7735 JT', '6841 JT', '4324 JT', '7270 JT', '3289 JT', '1925 JT', '7205 JT', '2802 JT', '9501 JT']",0.01266717239623504,1.308325442522402,"['5631 JT', '7269 JT', '9613 JT', '6724 JT', '4755 JT', '6954 JT', '7751 JT', '6674 JT', '6103 JT', '7272 JT', '7201 JT', '7735 JT', '6841 JT', '4324 JT', '7270 JT', '3289 JT', '1925 JT', '7205 JT', '2802 JT', '9501 JT', '3402 JT', '6988 JT', '1812 JT', '2503 JT', '2871 JT', '2432 JT', '6506 JT', '9202 JT', '9531 JT', '4704 JT']",0.015126797990612144,1.219667965706674,"['5631 JT', '7269 JT', '9613 JT', '6724 JT', '4755 JT', '6954 JT', '7751 JT', '6674 JT', '6103 JT', '7272 JT', '7201 JT', '7735 JT', '6841 JT', '4324 JT', '7270 JT', '3289 JT', '1925 JT', '7205 JT', '2802 JT', '9501 JT', '3402 JT', '6988 JT', '1812 JT', '2503 JT', '2871 JT', '2432 JT', '6506 JT', '9202 JT', '9531 JT', '4704 JT', '4911 JT', '4502 JT', '5803 JT', '9766 JT', '9602 JT', '9104 JT', '2914 JT', '2501 JT', '9107 JT', '8725 JT', '9009 JT', '6976 JT', '4063 JT', '5233 JT', '4452 JT', '6752 JT', '4005 JT', '3086 JT', '8233 JT', '8630 JT']",0.013311953168111998,1.1522212888443801
